Organisation,Launch Pad,Launch Facility,Launch State,Launch Country,Month,Year
VKS RF,Site 43/4,Plesetsk Cosmodrome,,Russia,May,2020
VKS RF,Site 43/4,Plesetsk Cosmodrome,,Russia,Mar,2020
VKS RF,Site 43/3,Plesetsk Cosmodrome,,Russia,Feb,2020
VKS RF,Site 133/3,Plesetsk Cosmodrome,,Russia,Dec,2019
VKS RF,Site 43/3,Plesetsk Cosmodrome,,Russia,Dec,2019
VKS RF,Site 43/4,Plesetsk Cosmodrome,,Russia,Nov,2019
VKS RF,Site 43/4,Plesetsk Cosmodrome,,Russia,Sep,2019
VKS RF,Site 133/3,Plesetsk Cosmodrome,,Russia,Aug,2019
VKS RF,Site 43/4,Plesetsk Cosmodrome,,Russia,Jul,2019
VKS RF,Site 43/4,Plesetsk Cosmodrome,,Russia,Jul,2019
Roscosmos,Site 1S,Vostochny Cosmodrome,,Russia,Jul,2019
Roscosmos,Site 43/4,Plesetsk Cosmodrome,,Russia,May,2019
Roscosmos,Site 1S,Vostochny Cosmodrome,,Russia,Dec,2018
VKS RF,Site 133/3,Plesetsk Cosmodrome,,Russia,Nov,2018
VKS RF,Site 43/4,Plesetsk Cosmodrome,,Russia,Nov,2018
Roscosmos,Site 43/4,Plesetsk Cosmodrome,,Russia,Oct,2018
VKS RF,Site 43/4,Plesetsk Cosmodrome,,Russia,Jun,2018
Eurockot,Site 133/3,Plesetsk Cosmodrome,,Russia,Apr,2018
Roscosmos,Site 43/4,Plesetsk Cosmodrome,,Russia,Mar,2018
Roscosmos,Site 1S,Vostochny Cosmodrome,,Russia,Feb,2018
VKS RF,Site 43/4,Plesetsk Cosmodrome,,Russia,Dec,2017
Roscosmos,Site 1S,Vostochny Cosmodrome,,Russia,Nov,2017
Eurockot,Site 133/3,Plesetsk Cosmodrome,,Russia,Oct,2017
VKS RF,Site 43/4,Plesetsk Cosmodrome,,Russia,Aug,2017
VKS RF,Site 43/4,Plesetsk Cosmodrome,,Russia,Jun,2017
VKS RF,Site 43/4,Plesetsk Cosmodrome,,Russia,May,2017
VKS RF,Site 133/3,Plesetsk Cosmodrome,,Russia,Jun,2016
VKS RF,Site 43/4,Plesetsk Cosmodrome,,Russia,May,2016
Roscosmos,Site 1S,Vostochny Cosmodrome,,Russia,Apr,2016
VKS RF,Site 43/4,Plesetsk Cosmodrome,,Russia,Mar,2016
Eurockot,Site 133/3,Plesetsk Cosmodrome,,Russia,Feb,2016
VKS RF,Site 43/4,Plesetsk Cosmodrome,,Russia,Feb,2016
VKS RF,Site 43/4,Plesetsk Cosmodrome,,Russia,Dec,2015
VKS RF,Site 133/3,Plesetsk Cosmodrome,,Russia,Sep,2015
VKS RF,Site 133/3,Plesetsk Cosmodrome,,Russia,Mar,2015
Kosmotras,Site 370/13,Yasny Cosmodrome,,Russia,Mar,2015
Khrunichev,Site 35/1,Plesetsk Cosmodrome,,Russia,Dec,2014
Kosmotras,Site 370/13,Yasny Cosmodrome,,Russia,Nov,2014
VKS RF,Site 35/1,Plesetsk Cosmodrome,,Russia,Jul,2014
VKS RF,Site 133/3,Plesetsk Cosmodrome,,Russia,Jul,2014
Kosmotras,Site 370/13,Yasny Cosmodrome,,Russia,Jun,2014
VKS RF,Site 133/3,Plesetsk Cosmodrome,,Russia,May,2014
VKS RF,Site 43/4,Plesetsk Cosmodrome,,Russia,Dec,2013
VKS RF,Site 133/3,Plesetsk Cosmodrome,,Russia,Dec,2013
VKS RF,Site 133/3,Plesetsk Cosmodrome,,Russia,Nov,2013
Kosmotras,Site 370/13,Yasny Cosmodrome,,Russia,Nov,2013
VKS RF,Site 133/3,Plesetsk Cosmodrome,,Russia,Sep,2013
Kosmotras,Site 370/13,Yasny Cosmodrome,,Russia,Aug,2013
VKS RF,Site 133/3,Plesetsk Cosmodrome,,Russia,Jan,2013
VKS RF,Site 133/3,Plesetsk Cosmodrome,,Russia,Jul,2012
Kosmotras,Site 370/13,Yasny Cosmodrome,,Russia,Aug,2011
VKS RF,Site 133/3,Plesetsk Cosmodrome,,Russia,Feb,2011
VKS RF,Site 16/2,Plesetsk Cosmodrome,,Russia,Sep,2010
VKS RF,Site 133/3,Plesetsk Cosmodrome,,Russia,Sep,2010
Kosmotras,Site 370/13,Yasny Cosmodrome,,Russia,Jun,2010
Eurockot,Site 133/3,Plesetsk Cosmodrome,,Russia,Jun,2010
VKS RF,Site 132/1,Plesetsk Cosmodrome,,Russia,Apr,2010
Eurockot,Site 133/3,Plesetsk Cosmodrome,,Russia,Nov,2009
VKS RF,Site 132/1,Plesetsk Cosmodrome,,Russia,Jul,2009
VKS RF,Site 133/3,Plesetsk Cosmodrome,,Russia,Jul,2009
Eurockot,Site 133/3,Plesetsk Cosmodrome,,Russia,Mar,2009
VKS RF,Site 32/2,Plesetsk Cosmodrome,,Russia,Jan,2009
VKS RF,Site 16/2,Plesetsk Cosmodrome,,Russia,Dec,2008
Kosmotras,Site 370/13,Yasny Cosmodrome,,Russia,Oct,2008
VKS RF,Site 132/1,Plesetsk Cosmodrome,,Russia,Jul,2008
VKS RF,Site 132/1,Plesetsk Cosmodrome,,Russia,Jun,2008
VKS RF,Site 133/3,Plesetsk Cosmodrome,,Russia,May,2008
VKS RF,Site 132/1,Plesetsk Cosmodrome,,Russia,Mar,2008
VKS RF,Site 132/1,Plesetsk Cosmodrome,,Russia,Nov,2007
VKS RF,Site 16/2,Plesetsk Cosmodrome,,Russia,Oct,2007
VKS RF,Site 132/1,Plesetsk Cosmodrome,,Russia,Sep,2007
VKS RF,Site 132/1,Plesetsk Cosmodrome,,Russia,Jul,2007
Kosmotras,Site 370/13,Yasny Cosmodrome,,Russia,Jun,2007
VKS RF,Site 132/1,Plesetsk Cosmodrome,,Russia,Dec,2006
Eurockot,Site 133/3,Plesetsk Cosmodrome,,Russia,Jul,2006
VKS RF,Site 16/2,Plesetsk Cosmodrome,,Russia,Jul,2006
Kosmotras,Site 370/13,Yasny Cosmodrome,,Russia,Jul,2006
VKS RF,Site 132/1,Plesetsk Cosmodrome,,Russia,Dec,2005
VKS RF,Site 132/1,Plesetsk Cosmodrome,,Russia,Oct,2005
Eurockot,Site 133/3,Plesetsk Cosmodrome,,Russia,Oct,2005
VKS RF,Site 133/3,Plesetsk Cosmodrome,,Russia,Aug,2005
VKS RF,Site 16/2,Plesetsk Cosmodrome,,Russia,Jun,2005
VKS RF,Site 132/1,Plesetsk Cosmodrome,,Russia,Jan,2005
VKS RF,Site 32/2,Plesetsk Cosmodrome,,Russia,Dec,2004
VKS RF,Site 43/4,Plesetsk Cosmodrome,,Russia,Nov,2004
VKS RF,Site 132/1,Plesetsk Cosmodrome,,Russia,Sep,2004
VKS RF,Site 132/1,Plesetsk Cosmodrome,,Russia,Jul,2004
VKS RF,Site 16/2,Plesetsk Cosmodrome,,Russia,Feb,2004
Eurockot,Site 133/3,Plesetsk Cosmodrome,,Russia,Oct,2003
VKS RF,Site 132/1,Plesetsk Cosmodrome,,Russia,Sep,2003
VKS RF,Site 132/1,Plesetsk Cosmodrome,,Russia,Aug,2003
Eurockot,Site 133/3,Plesetsk Cosmodrome,,Russia,Jun,2003
VKS RF,Site 16/2,Plesetsk Cosmodrome,,Russia,Jun,2003
VKS RF,Site 132/1,Plesetsk Cosmodrome,,Russia,Jun,2003
VKS RF,Site 16/2,Plesetsk Cosmodrome,,Russia,Apr,2003
VKS RF,Site 16/2,Plesetsk Cosmodrome,,Russia,Dec,2002
VKS RF,Site 132/1,Plesetsk Cosmodrome,,Russia,Nov,2002
VKS RF,Site 132/1,Plesetsk Cosmodrome,,Russia,Sep,2002
VKS RF,Site 132/1,Plesetsk Cosmodrome,,Russia,Jul,2002
Eurockot,Site 133/3,Plesetsk Cosmodrome,,Russia,Jun,2002
VKS RF,Site 132/1,Plesetsk Cosmodrome,,Russia,May,2002
VKS RF,Site 16/2,Plesetsk Cosmodrome,,Russia,Apr,2002
Eurockot,Site 133/3,Plesetsk Cosmodrome,,Russia,Mar,2002
VKS RF,Site 32/1,Plesetsk Cosmodrome,,Russia,Dec,2001
VKS RF,Site 43/3,Plesetsk Cosmodrome,,Russia,Oct,2001
VKS RF,Site 43/4,Plesetsk Cosmodrome,,Russia,Jul,2001
VKS RF,Site 132/1,Plesetsk Cosmodrome,,Russia,Jun,2001
VKS RF,Site 32/1,Plesetsk Cosmodrome,,Russia,Dec,2000
VKS RF,Site 132/1,Plesetsk Cosmodrome,,Russia,Nov,2000
VKS RF,Site 132/1,Plesetsk Cosmodrome,,Russia,Jul,2000
VKS RF,Site 132/1,Plesetsk Cosmodrome,,Russia,Jun,2000
Eurockot,Site 133/3,Plesetsk Cosmodrome,,Russia,May,2000
VKS RF,Site 16/2,Plesetsk Cosmodrome,,Russia,Dec,1999
VKS RF,Site 132/1,Plesetsk Cosmodrome,,Russia,Aug,1999
VKS RF,Site 43/3,Plesetsk Cosmodrome,,Russia,Jul,1999
VKS RF,Site 107/1,Kapustin Yar,,Russia,Apr,1999
VKS RF,Site 132/1,Plesetsk Cosmodrome,,Russia,Dec,1998
VKS RF,Site 132/1,Plesetsk Cosmodrome,,Russia,Dec,1998
VKS RF,Site 43/3,Plesetsk Cosmodrome,,Russia,Sep,1998
RVSN USSR,Site 41/1,Plesetsk Cosmodrome,,Russia,Aug,1998
VKS RF,Site 43/3,Plesetsk Cosmodrome,,Russia,Jul,1998
VKS RF,Site 32/1,Plesetsk Cosmodrome,,Russia,Jun,1998
VKS RF,Site 16/2,Plesetsk Cosmodrome,,Russia,May,1998
VKS RF,Site 43/3,Plesetsk Cosmodrome,,Russia,Sep,1997
VKS RF,Site 132/1,Plesetsk Cosmodrome,,Russia,Sep,1997
VKS RF,Site 43/4,Plesetsk Cosmodrome,,Russia,May,1997
VKS RF,Site 132/1,Plesetsk Cosmodrome,,Russia,Apr,1997
VKS RF,Site 32/2,Plesetsk Cosmodrome,,Russia,Feb,1997
VKS RF,Site 132/1,Plesetsk Cosmodrome,,Russia,Dec,1996
VKS RF,Site 43/4,Plesetsk Cosmodrome,,Russia,Oct,1996
VKS RF,Site 132/1,Plesetsk Cosmodrome,,Russia,Sep,1996
RVSN USSR,Site 43/3,Plesetsk Cosmodrome,,Russia,Aug,1996
VKS RF,Site 43/3,Plesetsk Cosmodrome,,Russia,Aug,1996
VKS RF,Site 132/1,Plesetsk Cosmodrome,,Russia,Apr,1996
VKS RF,Site 32/1,Plesetsk Cosmodrome,,Russia,Feb,1996
VKS RF,Site 132/1,Plesetsk Cosmodrome,,Russia,Jan,1996
VKS RF,Site 132/1,Plesetsk Cosmodrome,,Russia,Oct,1995
VKS RF,Site 32/2,Plesetsk Cosmodrome,,Russia,Aug,1995
VKS RF,Site 43/3,Plesetsk Cosmodrome,,Russia,Aug,1995
RVSN USSR,Site 43/3,Plesetsk Cosmodrome,,Russia,Aug,1995
VKS RF,Site 132/1,Plesetsk Cosmodrome,,Russia,Jul,1995
VKS RF,Site 16/2,Plesetsk Cosmodrome,,Russia,May,1995
MITT,Site 158,Plesetsk Cosmodrome,,Russia,Mar,1995
VKS RF,Site 132/1,Plesetsk Cosmodrome,,Russia,Mar,1995
VKS RF,Site 132/1,Plesetsk Cosmodrome,,Russia,Mar,1995
VKS RF,Site 132/1,Plesetsk Cosmodrome,,Russia,Jan,1995
VKS RF,Site 32/2,Plesetsk Cosmodrome,,Russia,Dec,1994
VKS RF,Site 132/1,Plesetsk Cosmodrome,,Russia,Dec,1994
VKS RF,Site 43/4,Plesetsk Cosmodrome,,Russia,Dec,1994
VKS RF,Site 32/2,Plesetsk Cosmodrome,,Russia,Nov,1994
VKS RF,Site 32/2,Plesetsk Cosmodrome,,Russia,Oct,1994
VKS RF,Site 132/1,Plesetsk Cosmodrome,,Russia,Sep,1994
VKS RF,Site 43/4,Plesetsk Cosmodrome,,Russia,Aug,1994
VKS RF,Site 16/2,Plesetsk Cosmodrome,,Russia,Aug,1994
VKS RF,Site 132/1,Plesetsk Cosmodrome,,Russia,Aug,1994
VKS RF,Site 133/3,Plesetsk Cosmodrome,,Russia,Jul,1994
VKS RF,Site 32/2,Plesetsk Cosmodrome,,Russia,May,1994
VKS RF,Site 133/3,Plesetsk Cosmodrome,,Russia,Apr,1994
VKS RF,Site 32/2,Plesetsk Cosmodrome,,Russia,Mar,1994
VKS RF,Site 32/1,Plesetsk Cosmodrome,,Russia,Feb,1994
VKS RF,Site 32/1,Plesetsk Cosmodrome,,Russia,Jan,1994
VKS RF,Site 43/3,Plesetsk Cosmodrome,,Russia,Dec,1993
VKS RF,Site 132/1,Plesetsk Cosmodrome,,Russia,Nov,1993
VKS RF,Site 132/1,Plesetsk Cosmodrome,,Russia,Oct,1993
VKS RF,Site 32/1,Plesetsk Cosmodrome,,Russia,Aug,1993
VKS RF,Site 16/2,Plesetsk Cosmodrome,,Russia,Aug,1993
VKS RF,Site 43/3,Plesetsk Cosmodrome,,Russia,Aug,1993
VKS RF,Site 32/1,Plesetsk Cosmodrome,,Russia,Jun,1993
VKS RF,Site 132/1,Plesetsk Cosmodrome,,Russia,Jun,1993
VKS RF,Site 43/4,Plesetsk Cosmodrome,,Russia,May,1993
VKS RF,Site 32/1,Plesetsk Cosmodrome,,Russia,May,1993
VKS RF,Site 43/4,Plesetsk Cosmodrome,,Russia,Apr,1993
VKS RF,Site 32/1,Plesetsk Cosmodrome,,Russia,Apr,1993
VKS RF,Site 16/2,Plesetsk Cosmodrome,,Russia,Apr,1993
VKS RF,Site 43/4,Plesetsk Cosmodrome,,Russia,Apr,1993
VKS RF,Site 133/3,Plesetsk Cosmodrome,,Russia,Apr,1993
MITT,Site 158,Plesetsk Cosmodrome,,Russia,Mar,1993
VKS RF,Site 32/1,Plesetsk Cosmodrome,,Russia,Mar,1993
VKS RF,Site 133/3,Plesetsk Cosmodrome,,Russia,Feb,1993
VKS RF,Site 16/2,Plesetsk Cosmodrome,,Russia,Jan,1993
VKS RF,Site 43/4,Plesetsk Cosmodrome,,Russia,Jan,1993
VKS RF,Site 133/3,Plesetsk Cosmodrome,,Russia,Jan,1993
VKS RF,Site 32/2,Plesetsk Cosmodrome,,Russia,Dec,1992
VKS RF,Site 32/2,Plesetsk Cosmodrome,,Russia,Dec,1992
VKS RF,Site 43/3,Plesetsk Cosmodrome,,Russia,Dec,1992
VKS RF,Site 43/3,Plesetsk Cosmodrome,,Russia,Nov,1992
VKS RF,Site 32/2,Plesetsk Cosmodrome,,Russia,Nov,1992
VKS RF,Site 16/2,Plesetsk Cosmodrome,,Russia,Nov,1992
VKS RF,Site 133/3,Plesetsk Cosmodrome,,Russia,Oct,1992
VKS RF,Site 32/1,Plesetsk Cosmodrome,,Russia,Oct,1992
VKS RF,Site 43/3,Plesetsk Cosmodrome,,Russia,Oct,1992
VKS RF,Site 132/1,Plesetsk Cosmodrome,,Russia,Aug,1992
VKS RF,Site 43/3,Plesetsk Cosmodrome,,Russia,Aug,1992
RVSN USSR,Site 32/1,Plesetsk Cosmodrome,,Russia,Jul,1992
RVSN USSR,Site 43/3,Plesetsk Cosmodrome,,Russia,Jul,1992
RVSN USSR,Site 133/3,Plesetsk Cosmodrome,,Russia,Jul,1992
RVSN USSR,Site 133/3,Plesetsk Cosmodrome,,Russia,Jun,1992
RVSN USSR,Site 132/1,Plesetsk Cosmodrome,,Russia,Apr,1992
RVSN USSR,Site 132/1,Plesetsk Cosmodrome,,Russia,Mar,1992
VKS RF,Site 43/4,Plesetsk Cosmodrome,,Russia,Mar,1992
RVSN USSR,Site 133/3,Plesetsk Cosmodrome,,Russia,Feb,1992
RVSN USSR,Site 43/3,Plesetsk Cosmodrome,,Russia,Jan,1992
Yuzhmash,Site 32/2,Plesetsk Cosmodrome,,Russia,Dec,1991
RVSN USSR,Site 133/3,Plesetsk Cosmodrome,,Russia,Nov,1991
RVSN USSR,Site 32/1,Plesetsk Cosmodrome,,Russia,Nov,1991
RVSN USSR,Site 132/1,Plesetsk Cosmodrome,,Russia,Oct,1991
RVSN USSR,Site 32/2,Plesetsk Cosmodrome,,Russia,Sep,1991
RVSN USSR,Site 43/4,Plesetsk Cosmodrome,,Russia,Sep,1991
RVSN USSR,Site 132/1,Plesetsk Cosmodrome,,Russia,Aug,1991
RVSN USSR,Site 32/2,Plesetsk Cosmodrome,,Russia,Aug,1991
RVSN USSR,Site 43/4,Plesetsk Cosmodrome,,Russia,Aug,1991
RVSN USSR,Site 132/1,Plesetsk Cosmodrome,,Russia,Jun,1991
RVSN USSR,Site 43/4,Plesetsk Cosmodrome,,Russia,Jun,1991
RVSN USSR,Site 32/2,Plesetsk Cosmodrome,,Russia,Jun,1991
RVSN USSR,Site 133/3,Plesetsk Cosmodrome,,Russia,Jun,1991
RVSN USSR,Site 32/2,Plesetsk Cosmodrome,,Russia,Jun,1991
RVSN USSR,Site 32/2,Plesetsk Cosmodrome,,Russia,May,1991
RVSN USSR,Site 32/2,Plesetsk Cosmodrome,,Russia,Apr,1991
RVSN USSR,Site 132/1,Plesetsk Cosmodrome,,Russia,Apr,1991
RVSN USSR,Site 43/3,Plesetsk Cosmodrome,,Russia,Mar,1991
RVSN USSR,Site 132/1,Plesetsk Cosmodrome,,Russia,Mar,1991
RVSN USSR,Site 133/3,Plesetsk Cosmodrome,,Russia,Mar,1991
RVSN USSR,Site 133/3,Plesetsk Cosmodrome,,Russia,Feb,1991
RVSN USSR,Site 43/3,Plesetsk Cosmodrome,,Russia,Feb,1991
RVSN USSR,Site 133/3,Plesetsk Cosmodrome,,Russia,Feb,1991
RVSN USSR,Site 133/3,Plesetsk Cosmodrome,,Russia,Feb,1991
RVSN USSR,Site 133/3,Plesetsk Cosmodrome,,Russia,Jan,1991
RVSN USSR,Site 32/2,Plesetsk Cosmodrome,,Russia,Dec,1990
RVSN USSR,Site 133/3,Plesetsk Cosmodrome,,Russia,Dec,1990
RVSN USSR,Site 32/2,Plesetsk Cosmodrome,,Russia,Nov,1990
RVSN USSR,Site 43/3,Plesetsk Cosmodrome,,Russia,Nov,1990
RVSN USSR,Site 16/2,Plesetsk Cosmodrome,,Russia,Nov,1990
RVSN USSR,Site 32/1,Plesetsk Cosmodrome,,Russia,Sep,1990
RVSN USSR,Site 43/4,Plesetsk Cosmodrome,,Russia,Sep,1990
RVSN USSR,Site 133/3,Plesetsk Cosmodrome,,Russia,Sep,1990
RVSN USSR,Site 133/3,Plesetsk Cosmodrome,,Russia,Aug,1990
RVSN USSR,Site 43/4,Plesetsk Cosmodrome,,Russia,Aug,1990
RVSN USSR,Site 43/4,Plesetsk Cosmodrome,,Russia,Aug,1990
RVSN USSR,Site 32/2,Plesetsk Cosmodrome,,Russia,Aug,1990
RVSN USSR,Site 32/1,Plesetsk Cosmodrome,,Russia,Jul,1990
RVSN USSR,Site 16/2,Plesetsk Cosmodrome,,Russia,Jul,1990
RVSN USSR,Site 32/1,Plesetsk Cosmodrome,,Russia,Jun,1990
RVSN USSR,Site 43/3,Plesetsk Cosmodrome,,Russia,Jun,1990
RVSN USSR,Site 43/3,Plesetsk Cosmodrome,,Russia,Jun,1990
RVSN USSR,Site 16/2,Plesetsk Cosmodrome,,Russia,Apr,1990
RVSN USSR,Site 43/4,Plesetsk Cosmodrome,,Russia,Apr,1990
RVSN USSR,Site 132/2,Plesetsk Cosmodrome,,Russia,Apr,1990
RVSN USSR,Site 133/3,Plesetsk Cosmodrome,,Russia,Apr,1990
RVSN USSR,Site 133/3,Plesetsk Cosmodrome,,Russia,Apr,1990
RVSN USSR,Site 43/3,Plesetsk Cosmodrome,,Russia,Mar,1990
RVSN USSR,Site 133/3,Plesetsk Cosmodrome,,Russia,Mar,1990
RVSN USSR,Site 32/2,Plesetsk Cosmodrome,,Russia,Feb,1990
RVSN USSR,Site 132/2,Plesetsk Cosmodrome,,Russia,Feb,1990
RVSN USSR,Site 132/2,Plesetsk Cosmodrome,,Russia,Feb,1990
RVSN USSR,Site 32/1,Plesetsk Cosmodrome,,Russia,Jan,1990
RVSN USSR,Site 43/4,Plesetsk Cosmodrome,,Russia,Jan,1990
RVSN USSR,Site 133/3,Plesetsk Cosmodrome,,Russia,Jan,1990
RVSN USSR,Site 32/2,Plesetsk Cosmodrome,,Russia,Dec,1989
RVSN USSR,Site 43/3,Plesetsk Cosmodrome,,Russia,Nov,1989
RVSN USSR,Site 16/2,Plesetsk Cosmodrome,,Russia,Nov,1989
RVSN USSR,Site 32/1,Plesetsk Cosmodrome,,Russia,Oct,1989
RVSN USSR,Site 32/2,Plesetsk Cosmodrome,,Russia,Sep,1989
RVSN USSR,Site 43/4,Plesetsk Cosmodrome,,Russia,Sep,1989
RVSN USSR,Site 32/1,Plesetsk Cosmodrome,,Russia,Sep,1989
RVSN USSR,Site 32/2,Plesetsk Cosmodrome,,Russia,Aug,1989
RVSN USSR,Site 133/3,Plesetsk Cosmodrome,,Russia,Jul,1989
RVSN USSR,Site 133/3,Plesetsk Cosmodrome,,Russia,Jul,1989
RVSN USSR,Site 133/3,Plesetsk Cosmodrome,,Russia,Jun,1989
RVSN USSR,Site 32/2,Plesetsk Cosmodrome,,Russia,Jun,1989
RVSN USSR,Site 43/3,Plesetsk Cosmodrome,,Russia,Jun,1989
RVSN USSR,Site 132/2,Plesetsk Cosmodrome,,Russia,Jun,1989
RVSN USSR,Site 132/2,Plesetsk Cosmodrome,,Russia,Apr,1989
RVSN USSR,Site 132/2,Plesetsk Cosmodrome,,Russia,Mar,1989
RVSN USSR,Site 32/2,Plesetsk Cosmodrome,,Russia,Feb,1989
RVSN USSR,Site 132/2,Plesetsk Cosmodrome,,Russia,Feb,1989
RVSN USSR,Site 132/2,Plesetsk Cosmodrome,,Russia,Feb,1989
RVSN USSR,Site 132/2,Plesetsk Cosmodrome,,Russia,Feb,1989
RVSN USSR,Site 43/3,Plesetsk Cosmodrome,,Russia,Feb,1989
RVSN USSR,Site 32/1,Plesetsk Cosmodrome,,Russia,Feb,1989
RVSN USSR,Site 43/3,Plesetsk Cosmodrome,,Russia,Dec,1988
RVSN USSR,Site 32/1,Plesetsk Cosmodrome,,Russia,Dec,1988
RVSN USSR,Site 43/3,Plesetsk Cosmodrome,,Russia,Dec,1988
RVSN USSR,Site 41/1,Plesetsk Cosmodrome,,Russia,Oct,1988
RVSN USSR,Site 32/1,Plesetsk Cosmodrome,,Russia,Oct,1988
RVSN USSR,Site 41/1,Plesetsk Cosmodrome,,Russia,Oct,1988
RVSN USSR,Site 41/1,Plesetsk Cosmodrome,,Russia,Sep,1988
RVSN USSR,Site 16/2,Plesetsk Cosmodrome,,Russia,Aug,1988
RVSN USSR,Site 132/1,Plesetsk Cosmodrome,,Russia,Jul,1988
RVSN USSR,Site 32/2,Plesetsk Cosmodrome,,Russia,Jul,1988
RVSN USSR,Site 133/3,Plesetsk Cosmodrome,,Russia,Jul,1988
RVSN USSR,Site 132/1,Plesetsk Cosmodrome,,Russia,Jul,1988
RVSN USSR,Site 32/1,Plesetsk Cosmodrome,,Russia,Jul,1988
RVSN USSR,Site 86/1,Kapustin Yar,,Russia,Jun,1988
RVSN USSR,Site 133/3,Plesetsk Cosmodrome,,Russia,Jun,1988
RVSN USSR,Site 32/2,Plesetsk Cosmodrome,,Russia,Jun,1988
RVSN USSR,Site 32/2,Plesetsk Cosmodrome,,Russia,Jun,1988
RVSN USSR,Site 32/1,Plesetsk Cosmodrome,,Russia,May,1988
RVSN USSR,Site 43/4,Plesetsk Cosmodrome,,Russia,May,1988
RVSN USSR,Site 133/3,Plesetsk Cosmodrome,,Russia,Apr,1988
RVSN USSR,Site 132/1,Plesetsk Cosmodrome,,Russia,Mar,1988
RVSN USSR,Site 43/4,Plesetsk Cosmodrome,,Russia,Mar,1988
RVSN USSR,Site 32/2,Plesetsk Cosmodrome,,Russia,Mar,1988
RVSN USSR,Site 132/1,Plesetsk Cosmodrome,,Russia,Mar,1988
RVSN USSR,Site 41/1,Plesetsk Cosmodrome,,Russia,Feb,1988
RVSN USSR,Site 32/1,Plesetsk Cosmodrome,,Russia,Jan,1988
RVSN USSR,Site 32/1,Plesetsk Cosmodrome,,Russia,Jan,1988
RVSN USSR,Site 133/3,Plesetsk Cosmodrome,,Russia,Dec,1987
RVSN USSR,Site 41/1,Plesetsk Cosmodrome,,Russia,Dec,1987
RVSN USSR,Site 86/1,Kapustin Yar,,Russia,Dec,1987
RVSN USSR,Site 133/3,Plesetsk Cosmodrome,,Russia,Dec,1987
RVSN USSR,Site 132/1,Plesetsk Cosmodrome,,Russia,Dec,1987
RVSN USSR,Site 32/1,Plesetsk Cosmodrome,,Russia,Oct,1987
RVSN USSR,Site 133/3,Plesetsk Cosmodrome,,Russia,Oct,1987
RVSN USSR,Site 32/1,Plesetsk Cosmodrome,,Russia,Sep,1987
RVSN USSR,Site 86/1,Kapustin Yar,,Russia,Aug,1987
RVSN USSR,Site 32/1,Plesetsk Cosmodrome,,Russia,Aug,1987
RVSN USSR,Site 32/2,Plesetsk Cosmodrome,,Russia,Jul,1987
RVSN USSR,Site 132/2,Plesetsk Cosmodrome,,Russia,Jul,1987
RVSN USSR,Site 132/2,Plesetsk Cosmodrome,,Russia,Jul,1987
RVSN USSR,Site 32/2,Plesetsk Cosmodrome,,Russia,Jul,1987
RVSN USSR,Site 132/1,Plesetsk Cosmodrome,,Russia,Jun,1987
RVSN USSR,Site 132/1,Plesetsk Cosmodrome,,Russia,Jun,1987
RVSN USSR,Site 43/4,Plesetsk Cosmodrome,,Russia,Jun,1987
RVSN USSR,Site 132/1,Plesetsk Cosmodrome,,Russia,Jun,1987
RVSN USSR,Site 16/2,Plesetsk Cosmodrome,,Russia,Jun,1987
RVSN USSR,Site 32/2,Plesetsk Cosmodrome,,Russia,Apr,1987
RVSN USSR,Site 32/2,Plesetsk Cosmodrome,,Russia,Mar,1987
RVSN USSR,Site 32/2,Plesetsk Cosmodrome,,Russia,Mar,1987
RVSN USSR,Site 32/2,Plesetsk Cosmodrome,,Russia,Feb,1987
RVSN USSR,Site 132/2,Plesetsk Cosmodrome,,Russia,Feb,1987
RVSN USSR,Site 132/2,Plesetsk Cosmodrome,,Russia,Jan,1987
RVSN USSR,Site 41/1,Plesetsk Cosmodrome,,Russia,Jan,1987
RVSN USSR,Site 107/1,Kapustin Yar,,Russia,Jan,1987
RVSN USSR,Site 132/2,Plesetsk Cosmodrome,,Russia,Jan,1987
RVSN USSR,Site 32/2,Plesetsk Cosmodrome,,Russia,Jan,1987
RVSN USSR,Site 32/2,Plesetsk Cosmodrome,,Russia,Jan,1987
RVSN USSR,Site 43/3,Plesetsk Cosmodrome,,Russia,Dec,1986
RVSN USSR,Site 86/1,Kapustin Yar,,Russia,Dec,1986
RVSN USSR,Site 32/2,Plesetsk Cosmodrome,,Russia,Dec,1986
RVSN USSR,Site 132/1,Plesetsk Cosmodrome,,Russia,Dec,1986
RVSN USSR,Site 43/4,Plesetsk Cosmodrome,,Russia,Dec,1986
RVSN USSR,Site 32/2,Plesetsk Cosmodrome,,Russia,Dec,1986
RVSN USSR,Site 32/1,Plesetsk Cosmodrome,,Russia,Dec,1986
RVSN USSR,Site 132/2,Plesetsk Cosmodrome,,Russia,Nov,1986
RVSN USSR,Site 132/2,Plesetsk Cosmodrome,,Russia,Nov,1986
RVSN USSR,Site 16/2,Plesetsk Cosmodrome,,Russia,Nov,1986
RVSN USSR,Site 41/1,Plesetsk Cosmodrome,,Russia,Nov,1986
RVSN USSR,Site 132/2,Plesetsk Cosmodrome,,Russia,Nov,1986
RVSN USSR,Site 133/3,Plesetsk Cosmodrome,,Russia,Oct,1986
RVSN USSR,Site 43/4,Plesetsk Cosmodrome,,Russia,Oct,1986
RVSN USSR,Site 41/1,Plesetsk Cosmodrome,,Russia,Oct,1986
RVSN USSR,Site 32/2,Plesetsk Cosmodrome,,Russia,Oct,1986
RVSN USSR,Site 41/1,Plesetsk Cosmodrome,,Russia,Oct,1986
RVSN USSR,Site 32/1,Plesetsk Cosmodrome,,Russia,Sep,1986
RVSN USSR,Site 133/3,Plesetsk Cosmodrome,,Russia,Sep,1986
RVSN USSR,Site 43/4,Plesetsk Cosmodrome,,Russia,Sep,1986
RVSN USSR,Site 132/1,Plesetsk Cosmodrome,,Russia,Sep,1986
RVSN USSR,Site 16/2,Plesetsk Cosmodrome,,Russia,Aug,1986
RVSN USSR,Site 43/4,Plesetsk Cosmodrome,,Russia,Jul,1986
RVSN USSR,Site 32/2,Plesetsk Cosmodrome,,Russia,Jul,1986
RVSN USSR,Site 133/3,Plesetsk Cosmodrome,,Russia,Jul,1986
RVSN USSR,Site 43/4,Plesetsk Cosmodrome,,Russia,Jul,1986
RVSN USSR,Site 41/1,Plesetsk Cosmodrome,,Russia,Jun,1986
RVSN USSR,Site 132/1,Plesetsk Cosmodrome,,Russia,Jun,1986
RVSN USSR,Site 32/1,Plesetsk Cosmodrome,,Russia,Jun,1986
RVSN USSR,Site 132/1,Plesetsk Cosmodrome,,Russia,Jun,1986
RVSN USSR,Site 32/1,Plesetsk Cosmodrome,,Russia,May,1986
RVSN USSR,Site 132/1,Plesetsk Cosmodrome,,Russia,May,1986
RVSN USSR,Site 32/1,Plesetsk Cosmodrome,,Russia,May,1986
RVSN USSR,Site 41/1,Plesetsk Cosmodrome,,Russia,Apr,1986
RVSN USSR,Site 132/1,Plesetsk Cosmodrome,,Russia,Apr,1986
RVSN USSR,Site 32/1,Plesetsk Cosmodrome,,Russia,Feb,1986
RVSN USSR,Site 32/2,Plesetsk Cosmodrome,,Russia,Feb,1986
RVSN USSR,Site 16/2,Plesetsk Cosmodrome,,Russia,Feb,1986
RVSN USSR,Site 132/1,Plesetsk Cosmodrome,,Russia,Jan,1986
RVSN USSR,Site 32/1,Plesetsk Cosmodrome,,Russia,Jan,1986
RVSN USSR,Site 132/1,Plesetsk Cosmodrome,,Russia,Jan,1986
RVSN USSR,Site 132/2,Plesetsk Cosmodrome,,Russia,Jan,1986
RVSN USSR,Site 32/1,Plesetsk Cosmodrome,,Russia,Dec,1985
RVSN USSR,Site 43/4,Plesetsk Cosmodrome,,Russia,Dec,1985
RVSN USSR,Site 132/1,Plesetsk Cosmodrome,,Russia,Dec,1985
RVSN USSR,Site 32/1,Plesetsk Cosmodrome,,Russia,Dec,1985
RVSN USSR,Site 133/3,Plesetsk Cosmodrome,,Russia,Nov,1985
RVSN USSR,Site 32/2,Plesetsk Cosmodrome,,Russia,Nov,1985
RVSN USSR,Site 41/1,Plesetsk Cosmodrome,,Russia,Nov,1985
RVSN USSR,Site 43/4,Plesetsk Cosmodrome,,Russia,Oct,1985
RVSN USSR,Site 32/1,Plesetsk Cosmodrome,,Russia,Oct,1985
RVSN USSR,Site 133/3,Plesetsk Cosmodrome,,Russia,Oct,1985
RVSN USSR,Site 43/4,Plesetsk Cosmodrome,,Russia,Oct,1985
RVSN USSR,Site 32/1,Plesetsk Cosmodrome,,Russia,Oct,1985
RVSN USSR,Site 43/4,Plesetsk Cosmodrome,,Russia,Oct,1985
RVSN USSR,Site 107/1,Kapustin Yar,,Russia,Oct,1985
RVSN USSR,Site 16/2,Plesetsk Cosmodrome,,Russia,Sep,1985
RVSN USSR,Site 43/4,Plesetsk Cosmodrome,,Russia,Sep,1985
RVSN USSR,Site 132/1,Plesetsk Cosmodrome,,Russia,Sep,1985
RVSN USSR,Site 41/1,Plesetsk Cosmodrome,,Russia,Aug,1985
RVSN USSR,Site 32/1,Plesetsk Cosmodrome,,Russia,Aug,1985
RVSN USSR,Site 43/4,Plesetsk Cosmodrome,,Russia,Jul,1985
RVSN USSR,Site 32/1,Plesetsk Cosmodrome,,Russia,Jul,1985
RVSN USSR,Site 132/2,Plesetsk Cosmodrome,,Russia,Jun,1985
RVSN USSR,Site 16/2,Plesetsk Cosmodrome,,Russia,Jun,1985
RVSN USSR,Site 32/1,Plesetsk Cosmodrome,,Russia,Jun,1985
RVSN USSR,Site 16/2,Plesetsk Cosmodrome,,Russia,Jun,1985
RVSN USSR,Site 41/1,Plesetsk Cosmodrome,,Russia,Jun,1985
RVSN USSR,Site 132/1,Plesetsk Cosmodrome,,Russia,May,1985
RVSN USSR,Site 43/4,Plesetsk Cosmodrome,,Russia,May,1985
RVSN USSR,Site 86/1,Kapustin Yar,,Russia,Apr,1985
RVSN USSR,Site 132/2,Plesetsk Cosmodrome,,Russia,Mar,1985
RVSN USSR,Site 132/2,Plesetsk Cosmodrome,,Russia,Mar,1985
RVSN USSR,Site 32/2,Plesetsk Cosmodrome,,Russia,Mar,1985
RVSN USSR,Site 132/1,Plesetsk Cosmodrome,,Russia,Feb,1985
RVSN USSR,Site 32/1,Plesetsk Cosmodrome,,Russia,Feb,1985
RVSN USSR,Site 132/2,Plesetsk Cosmodrome,,Russia,Feb,1985
RVSN USSR,Site 32/2,Plesetsk Cosmodrome,,Russia,Jan,1985
RVSN USSR,Site 43/4,Plesetsk Cosmodrome,,Russia,Jan,1985
RVSN USSR,Site 132/1,Plesetsk Cosmodrome,,Russia,Jan,1985
RVSN USSR,Site 32/1,Plesetsk Cosmodrome,,Russia,Jan,1985
RVSN USSR,Site 132/2,Plesetsk Cosmodrome,,Russia,Dec,1984
RVSN USSR,Site 86/1,Kapustin Yar,,Russia,Dec,1984
RVSN USSR,Site 41/1,Plesetsk Cosmodrome,,Russia,Dec,1984
RVSN USSR,Site 32/1,Plesetsk Cosmodrome,,Russia,Nov,1984
RVSN USSR,Site 132/1,Plesetsk Cosmodrome,,Russia,Nov,1984
RVSN USSR,Site 32/1,Plesetsk Cosmodrome,,Russia,Oct,1984
RVSN USSR,Site 132/2,Plesetsk Cosmodrome,,Russia,Oct,1984
RVSN USSR,Site 16/2,Plesetsk Cosmodrome,,Russia,Oct,1984
RVSN USSR,Site 32/2,Plesetsk Cosmodrome,,Russia,Sep,1984
RVSN USSR,Site 132/2,Plesetsk Cosmodrome,,Russia,Sep,1984
RVSN USSR,Site 132/1,Plesetsk Cosmodrome,,Russia,Sep,1984
RVSN USSR,Site 16/2,Plesetsk Cosmodrome,,Russia,Sep,1984
RVSN USSR,Site 43/4,Plesetsk Cosmodrome,,Russia,Aug,1984
RVSN USSR,Site 41/1,Plesetsk Cosmodrome,,Russia,Aug,1984
RVSN USSR,Site 32/2,Plesetsk Cosmodrome,,Russia,Aug,1984
RVSN USSR,Site 16/2,Plesetsk Cosmodrome,,Russia,Aug,1984
RVSN USSR,Site 32/2,Plesetsk Cosmodrome,,Russia,Jul,1984
RVSN USSR,Site 43/4,Plesetsk Cosmodrome,,Russia,Jul,1984
RVSN USSR,Site 107/1,Kapustin Yar,,Russia,Jun,1984
RVSN USSR,Site 132/2,Plesetsk Cosmodrome,,Russia,Jun,1984
RVSN USSR,Site 132/2,Plesetsk Cosmodrome,,Russia,Jun,1984
RVSN USSR,Site 132/1,Plesetsk Cosmodrome,,Russia,Jun,1984
RVSN USSR,Site 86/1,Kapustin Yar,,Russia,Jun,1984
RVSN USSR,Site 16/2,Plesetsk Cosmodrome,,Russia,Jun,1984
RVSN USSR,Site 132/2,Plesetsk Cosmodrome,,Russia,May,1984
RVSN USSR,Site 132/1,Plesetsk Cosmodrome,,Russia,May,1984
RVSN USSR,Site 132/2,Plesetsk Cosmodrome,,Russia,May,1984
RVSN USSR,Site 86/1,Kapustin Yar,,Russia,May,1984
RVSN USSR,Site 16/2,Plesetsk Cosmodrome,,Russia,Apr,1984
RVSN USSR,Site 41/1,Plesetsk Cosmodrome,,Russia,Mar,1984
RVSN USSR,Site 32/2,Plesetsk Cosmodrome,,Russia,Mar,1984
RVSN USSR,Site 16/2,Plesetsk Cosmodrome,,Russia,Mar,1984
RVSN USSR,Site 132/1,Plesetsk Cosmodrome,,Russia,Feb,1984
RVSN USSR,Site 32/2,Plesetsk Cosmodrome,,Russia,Feb,1984
RVSN USSR,Site 132/1,Plesetsk Cosmodrome,,Russia,Feb,1984
RVSN USSR,Site 132/2,Plesetsk Cosmodrome,,Russia,Jan,1984
RVSN USSR,Site 132/2,Plesetsk Cosmodrome,,Russia,Jan,1984
RVSN USSR,Site 132/2,Plesetsk Cosmodrome,,Russia,Jan,1984
RVSN USSR,Site 16/2,Plesetsk Cosmodrome,,Russia,Dec,1983
RVSN USSR,Site 86/1,Kapustin Yar,,Russia,Dec,1983
RVSN USSR,Site 41/1,Plesetsk Cosmodrome,,Russia,Dec,1983
RVSN USSR,Site 32/2,Plesetsk Cosmodrome,,Russia,Dec,1983
RVSN USSR,Site 132/2,Plesetsk Cosmodrome,,Russia,Dec,1983
RVSN USSR,Site 32/2,Plesetsk Cosmodrome,,Russia,Nov,1983
RVSN USSR,Site 41/1,Plesetsk Cosmodrome,,Russia,Nov,1983
RVSN USSR,Site 132/2,Plesetsk Cosmodrome,,Russia,Nov,1983
RVSN USSR,Site 16/2,Plesetsk Cosmodrome,,Russia,Oct,1983
RVSN USSR,Site 132/1,Plesetsk Cosmodrome,,Russia,Oct,1983
RVSN USSR,Site 132/1,Plesetsk Cosmodrome,,Russia,Oct,1983
RVSN USSR,Site 132/1,Plesetsk Cosmodrome,,Russia,Oct,1983
RVSN USSR,Site 132/1,Plesetsk Cosmodrome,,Russia,Sep,1983
RVSN USSR,Site 32/1,Plesetsk Cosmodrome,,Russia,Sep,1983
RVSN USSR,Site 107/1,Kapustin Yar,,Russia,Aug,1983
RVSN USSR,Site 41/1,Plesetsk Cosmodrome,,Russia,Aug,1983
RVSN USSR,Site 132/2,Plesetsk Cosmodrome,,Russia,Aug,1983
RVSN USSR,Site 43/4,Plesetsk Cosmodrome,,Russia,Jul,1983
RVSN USSR,Site 132/2,Plesetsk Cosmodrome,,Russia,Jul,1983
RVSN USSR,Site 32/2,Plesetsk Cosmodrome,,Russia,Jun,1983
RVSN USSR,Site 107/1,Kapustin Yar,,Russia,May,1983
RVSN USSR,Site 132/1,Plesetsk Cosmodrome,,Russia,May,1983
RVSN USSR,Site 132/1,Plesetsk Cosmodrome,,Russia,May,1983
RVSN USSR,Site 132/1,Plesetsk Cosmodrome,,Russia,May,1983
RVSN USSR,Site 86/1,Kapustin Yar,,Russia,May,1983
RVSN USSR,Site 16/2,Plesetsk Cosmodrome,,Russia,Apr,1983
RVSN USSR,Site 32/2,Plesetsk Cosmodrome,,Russia,Apr,1983
RVSN USSR,Site 132/2,Plesetsk Cosmodrome,,Russia,Apr,1983
RVSN USSR,Site 132/2,Plesetsk Cosmodrome,,Russia,Apr,1983
RVSN USSR,Site 132/1,Plesetsk Cosmodrome,,Russia,Apr,1983
RVSN USSR,Site 132/1,Plesetsk Cosmodrome,,Russia,Mar,1983
RVSN USSR,Site 132/2,Plesetsk Cosmodrome,,Russia,Mar,1983
RVSN USSR,Site 41/1,Plesetsk Cosmodrome,,Russia,Mar,1983
RVSN USSR,Site 86/1,Kapustin Yar,,Russia,Mar,1983
RVSN USSR,Site 41/1,Plesetsk Cosmodrome,,Russia,Mar,1983
RVSN USSR,Site 16/2,Plesetsk Cosmodrome,,Russia,Feb,1983
RVSN USSR,Site 132/2,Plesetsk Cosmodrome,,Russia,Jan,1983
RVSN USSR,Site 16/2,Plesetsk Cosmodrome,,Russia,Jan,1983
RVSN USSR,Site 132/2,Plesetsk Cosmodrome,,Russia,Jan,1983
RVSN USSR,Site 132/2,Plesetsk Cosmodrome,,Russia,Jan,1983
RVSN USSR,Site 132/1,Plesetsk Cosmodrome,,Russia,Dec,1982
RVSN USSR,Site 43/3,Plesetsk Cosmodrome,,Russia,Dec,1982
RVSN USSR,Site 132/1,Plesetsk Cosmodrome,,Russia,Nov,1982
RVSN USSR,Site 132/1,Plesetsk Cosmodrome,,Russia,Nov,1982
RVSN USSR,Site 107/1,Kapustin Yar,,Russia,Oct,1982
RVSN USSR,Site 132/1,Plesetsk Cosmodrome,,Russia,Oct,1982
RVSN USSR,Site 32/1,Plesetsk Cosmodrome,,Russia,Sep,1982
RVSN USSR,Site 16/2,Plesetsk Cosmodrome,,Russia,Sep,1982
RVSN USSR,Site 32/2,Plesetsk Cosmodrome,,Russia,Sep,1982
RVSN USSR,Site 132/2,Plesetsk Cosmodrome,,Russia,Aug,1982
RVSN USSR,Site 41/1,Plesetsk Cosmodrome,,Russia,Aug,1982
RVSN USSR,Site 16/2,Plesetsk Cosmodrome,,Russia,Aug,1982
RVSN USSR,Site 107/1,Kapustin Yar,,Russia,Jul,1982
RVSN USSR,Site 132/2,Plesetsk Cosmodrome,,Russia,Jul,1982
RVSN USSR,Site 132/1,Plesetsk Cosmodrome,,Russia,Jul,1982
RVSN USSR,Site 132/1,Plesetsk Cosmodrome,,Russia,Jun,1982
RVSN USSR,Site 41/1,Plesetsk Cosmodrome,,Russia,Jun,1982
RVSN USSR,Site 132/2,Plesetsk Cosmodrome,,Russia,Jun,1982
RVSN USSR,Site 32/1,Plesetsk Cosmodrome,,Russia,Jun,1982
RVSN USSR,Site 132/2,Plesetsk Cosmodrome,,Russia,Jun,1982
RVSN USSR,Site 86/1,Kapustin Yar,,Russia,Jun,1982
RVSN USSR,Site 132/1,Plesetsk Cosmodrome,,Russia,Jun,1982
RVSN USSR,Site 43/3,Plesetsk Cosmodrome,,Russia,May,1982
RVSN USSR,Site 41/1,Plesetsk Cosmodrome,,Russia,May,1982
RVSN USSR,Site 132/2,Plesetsk Cosmodrome,,Russia,May,1982
RVSN USSR,Site 16/2,Plesetsk Cosmodrome,,Russia,May,1982
RVSN USSR,Site 132/1,Plesetsk Cosmodrome,,Russia,Apr,1982
RVSN USSR,Site 107/1,Kapustin Yar,,Russia,Apr,1982
RVSN USSR,Site 132/2,Plesetsk Cosmodrome,,Russia,Apr,1982
RVSN USSR,Site 16/2,Plesetsk Cosmodrome,,Russia,Apr,1982
RVSN USSR,Site 16/2,Plesetsk Cosmodrome,,Russia,Mar,1982
RVSN USSR,Site 132/2,Plesetsk Cosmodrome,,Russia,Mar,1982
RVSN USSR,Site 32/1,Plesetsk Cosmodrome,,Russia,Mar,1982
RVSN USSR,Site 132/1,Plesetsk Cosmodrome,,Russia,Mar,1982
RVSN USSR,Site 41/1,Plesetsk Cosmodrome,,Russia,Mar,1982
RVSN USSR,Site 107/1,Kapustin Yar,,Russia,Mar,1982
RVSN USSR,Site 16/2,Plesetsk Cosmodrome,,Russia,Mar,1982
RVSN USSR,Site 41/1,Plesetsk Cosmodrome,,Russia,Feb,1982
RVSN USSR,Site 16/2,Plesetsk Cosmodrome,,Russia,Feb,1982
RVSN USSR,Site 132/2,Plesetsk Cosmodrome,,Russia,Feb,1982
RVSN USSR,Site 132/1,Plesetsk Cosmodrome,,Russia,Jan,1982
RVSN USSR,Site 132/2,Plesetsk Cosmodrome,,Russia,Jan,1982
RVSN USSR,Site 132/2,Plesetsk Cosmodrome,,Russia,Jan,1982
RVSN USSR,Site 132/2,Plesetsk Cosmodrome,,Russia,Dec,1981
RVSN USSR,Site 132/1,Plesetsk Cosmodrome,,Russia,Dec,1981
RVSN USSR,Site 32/1,Plesetsk Cosmodrome,,Russia,Dec,1981
RVSN USSR,Site 132/2,Plesetsk Cosmodrome,,Russia,Nov,1981
RVSN USSR,Site 107/1,Kapustin Yar,,Russia,Nov,1981
RVSN USSR,Site 41/1,Plesetsk Cosmodrome,,Russia,Nov,1981
RVSN USSR,Site 16/2,Plesetsk Cosmodrome,,Russia,Oct,1981
RVSN USSR,Site 41/1,Plesetsk Cosmodrome,,Russia,Oct,1981
RVSN USSR,Site 43/3,Plesetsk Cosmodrome,,Russia,Oct,1981
RVSN USSR,Site 32/1,Plesetsk Cosmodrome,,Russia,Sep,1981
RVSN USSR,Site 132/2,Plesetsk Cosmodrome,,Russia,Sep,1981
RVSN USSR,Site 132/2,Plesetsk Cosmodrome,,Russia,Sep,1981
RVSN USSR,Site 32/1,Plesetsk Cosmodrome,,Russia,Sep,1981
RVSN USSR,Site 132/1,Plesetsk Cosmodrome,,Russia,Sep,1981
RVSN USSR,Site 43/3,Plesetsk Cosmodrome,,Russia,Sep,1981
RVSN USSR,Site 132/1,Plesetsk Cosmodrome,,Russia,Aug,1981
RVSN USSR,Site 32/1,Plesetsk Cosmodrome,,Russia,Aug,1981
RVSN USSR,Site 132/2,Plesetsk Cosmodrome,,Russia,Aug,1981
RVSN USSR,Site 43/3,Plesetsk Cosmodrome,,Russia,Aug,1981
RVSN USSR,Site 132/2,Plesetsk Cosmodrome,,Russia,Aug,1981
RVSN USSR,Site 16/2,Plesetsk Cosmodrome,,Russia,Aug,1981
RVSN USSR,Site 43/3,Plesetsk Cosmodrome,,Russia,Jun,1981
RVSN USSR,Site 43/3,Plesetsk Cosmodrome,,Russia,Jun,1981
RVSN USSR,Site 41/1,Plesetsk Cosmodrome,,Russia,Jun,1981
RVSN USSR,Site 132/2,Plesetsk Cosmodrome,,Russia,Jun,1981
RVSN USSR,Site 43/3,Plesetsk Cosmodrome,,Russia,May,1981
RVSN USSR,Site 43/3,Plesetsk Cosmodrome,,Russia,May,1981
RVSN USSR,Site 132/1,Plesetsk Cosmodrome,,Russia,May,1981
RVSN USSR,Site 132/1,Plesetsk Cosmodrome,,Russia,Apr,1981
RVSN USSR,Site 41/1,Plesetsk Cosmodrome,,Russia,Mar,1981
RVSN USSR,Site 41/1,Plesetsk Cosmodrome,,Russia,Mar,1981
RVSN USSR,Site 132/2,Plesetsk Cosmodrome,,Russia,Mar,1981
RVSN USSR,Site 16/2,Plesetsk Cosmodrome,,Russia,Feb,1981
RVSN USSR,Site 132/1,Plesetsk Cosmodrome,,Russia,Feb,1981
RVSN USSR,Site 132/1,Plesetsk Cosmodrome,,Russia,Feb,1981
RVSN USSR,Site 43/3,Plesetsk Cosmodrome,,Russia,Jan,1981
RVSN USSR,Site 43/3,Plesetsk Cosmodrome,,Russia,Jan,1981
RVSN USSR,Site 32/1,Plesetsk Cosmodrome,,Russia,Jan,1981
RVSN USSR,Site 132/1,Plesetsk Cosmodrome,,Russia,Jan,1981
RVSN USSR,Site 132/1,Plesetsk Cosmodrome,,Russia,Jan,1981
RVSN USSR,Site 41/1,Plesetsk Cosmodrome,,Russia,Jan,1981
RVSN USSR,Site 132/1,Plesetsk Cosmodrome,,Russia,Dec,1980
RVSN USSR,Site 132/1,Plesetsk Cosmodrome,,Russia,Dec,1980
RVSN USSR,Site 86/1,Kapustin Yar,,Russia,Dec,1980
RVSN USSR,Site 132/1,Plesetsk Cosmodrome,,Russia,Dec,1980
RVSN USSR,Site 41/1,Plesetsk Cosmodrome,,Russia,Nov,1980
RVSN USSR,Site 43/3,Plesetsk Cosmodrome,,Russia,Nov,1980
RVSN USSR,Site 41/1,Plesetsk Cosmodrome,,Russia,Nov,1980
RVSN USSR,Site 41/1,Plesetsk Cosmodrome,,Russia,Oct,1980
RVSN USSR,Site 132/1,Plesetsk Cosmodrome,,Russia,Oct,1980
RVSN USSR,Site 43/3,Plesetsk Cosmodrome,,Russia,Sep,1980
RVSN USSR,Site 43/3,Plesetsk Cosmodrome,,Russia,Aug,1980
RVSN USSR,Site 107/1,Kapustin Yar,,Russia,Jul,1980
RVSN USSR,Site 43/3,Plesetsk Cosmodrome,,Russia,Jul,1980
RVSN USSR,Site 132/2,Plesetsk Cosmodrome,,Russia,Jul,1980
RVSN USSR,Site 41/1,Plesetsk Cosmodrome,,Russia,Jul,1980
RVSN USSR,Site 132/2,Plesetsk Cosmodrome,,Russia,Jul,1980
RVSN USSR,Site 41/1,Plesetsk Cosmodrome,,Russia,Jun,1980
RVSN USSR,Site 43/3,Plesetsk Cosmodrome,,Russia,Jun,1980
RVSN USSR,Site 132/1,Plesetsk Cosmodrome,,Russia,Jun,1980
RVSN USSR,Site 43/3,Plesetsk Cosmodrome,,Russia,Jun,1980
RVSN USSR,Site 132/2,Plesetsk Cosmodrome,,Russia,May,1980
RVSN USSR,Site 132/1,Plesetsk Cosmodrome,,Russia,May,1980
RVSN USSR,Site 41/1,Plesetsk Cosmodrome,,Russia,Apr,1980
RVSN USSR,Site 41/1,Plesetsk Cosmodrome,,Russia,Apr,1980
RVSN USSR,Site 132/2,Plesetsk Cosmodrome,,Russia,Apr,1980
RVSN USSR,Site 132/1,Plesetsk Cosmodrome,,Russia,Mar,1980
RVSN USSR,Site 132/1,Plesetsk Cosmodrome,,Russia,Mar,1980
RVSN USSR,Site 43/4,Plesetsk Cosmodrome,,Russia,Feb,1980
RVSN USSR,Site 132/2,Plesetsk Cosmodrome,,Russia,Feb,1980
RVSN USSR,Site 43/4,Plesetsk Cosmodrome,,Russia,Jan,1980
RVSN USSR,Site 132/2,Plesetsk Cosmodrome,,Russia,Jan,1980
RVSN USSR,Site 32/1,Plesetsk Cosmodrome,,Russia,Jan,1980
RVSN USSR,Site 132/2,Plesetsk Cosmodrome,,Russia,Jan,1980
RVSN USSR,Site 41/1,Plesetsk Cosmodrome,,Russia,Jan,1980
RVSN USSR,Site 132/2,Plesetsk Cosmodrome,,Russia,Dec,1979
RVSN USSR,Site 43/4,Plesetsk Cosmodrome,,Russia,Nov,1979
RVSN USSR,Site 132/2,Plesetsk Cosmodrome,,Russia,Nov,1979
RVSN USSR,Site 43/4,Plesetsk Cosmodrome,,Russia,Oct,1979
RVSN USSR,Site 43/4,Plesetsk Cosmodrome,,Russia,Oct,1979
RVSN USSR,Site 41/1,Plesetsk Cosmodrome,,Russia,Oct,1979
RVSN USSR,Site 132/2,Plesetsk Cosmodrome,,Russia,Oct,1979
RVSN USSR,Site 132/2,Plesetsk Cosmodrome,,Russia,Oct,1979
RVSN USSR,Site 132/2,Plesetsk Cosmodrome,,Russia,Sep,1979
RVSN USSR,Site 132/1,Plesetsk Cosmodrome,,Russia,Aug,1979
RVSN USSR,Site 43/4,Plesetsk Cosmodrome,,Russia,Aug,1979
RVSN USSR,Site 43/3,Plesetsk Cosmodrome,,Russia,Jul,1979
RVSN USSR,Site 43/4,Plesetsk Cosmodrome,,Russia,Jul,1979
RVSN USSR,Site 132/1,Plesetsk Cosmodrome,,Russia,Jul,1979
RVSN USSR,Site 107/1,Kapustin Yar,,Russia,Jul,1979
RVSN USSR,Site 132/1,Plesetsk Cosmodrome,,Russia,Jun,1979
RVSN USSR,Site 41/1,Plesetsk Cosmodrome,,Russia,Jun,1979
RVSN USSR,Site 107/1,Kapustin Yar,,Russia,Jun,1979
RVSN USSR,Site 43/4,Plesetsk Cosmodrome,,Russia,Jun,1979
RVSN USSR,Site 132/1,Plesetsk Cosmodrome,,Russia,May,1979
RVSN USSR,Site 43/3,Plesetsk Cosmodrome,,Russia,Apr,1979
RVSN USSR,Site 41/1,Plesetsk Cosmodrome,,Russia,Apr,1979
RVSN USSR,Site 132/1,Plesetsk Cosmodrome,,Russia,Apr,1979
RVSN USSR,Site 132/1,Plesetsk Cosmodrome,,Russia,Apr,1979
RVSN USSR,Site 132/2,Plesetsk Cosmodrome,,Russia,Mar,1979
RVSN USSR,Site 132/2,Plesetsk Cosmodrome,,Russia,Mar,1979
RVSN USSR,Site 43/4,Plesetsk Cosmodrome,,Russia,Mar,1979
RVSN USSR,Site 132/2,Plesetsk Cosmodrome,,Russia,Feb,1979
RVSN USSR,Site 43/4,Plesetsk Cosmodrome,,Russia,Feb,1979
RVSN USSR,Site 32/2,Plesetsk Cosmodrome,,Russia,Feb,1979
RVSN USSR,Site 132/2,Plesetsk Cosmodrome,,Russia,Feb,1979
RVSN USSR,Site 43/4,Plesetsk Cosmodrome,,Russia,Jan,1979
RVSN USSR,Site 132/1,Plesetsk Cosmodrome,,Russia,Jan,1979
RVSN USSR,Site 41/1,Plesetsk Cosmodrome,,Russia,Dec,1978
RVSN USSR,Site 43/4,Plesetsk Cosmodrome,,Russia,Dec,1978
RVSN USSR,Site 132/2,Plesetsk Cosmodrome,,Russia,Dec,1978
RVSN USSR,Site 43/3,Plesetsk Cosmodrome,,Russia,Dec,1978
RVSN USSR,Site 107/1,Kapustin Yar,,Russia,Dec,1978
RVSN USSR,Site 132/1,Plesetsk Cosmodrome,,Russia,Dec,1978
RVSN USSR,Site 43/4,Plesetsk Cosmodrome,,Russia,Dec,1978
RVSN USSR,Site 132/2,Plesetsk Cosmodrome,,Russia,Dec,1978
RVSN USSR,Site 43/4,Plesetsk Cosmodrome,,Russia,Dec,1978
RVSN USSR,Site 41/1,Plesetsk Cosmodrome,,Russia,Dec,1978
RVSN USSR,Site 132/2,Plesetsk Cosmodrome,,Russia,Dec,1978
RVSN USSR,Site 43/4,Plesetsk Cosmodrome,,Russia,Nov,1978
RVSN USSR,Site 43/4,Plesetsk Cosmodrome,,Russia,Nov,1978
RVSN USSR,Site 132/2,Plesetsk Cosmodrome,,Russia,Nov,1978
RVSN USSR,Site 41/1,Plesetsk Cosmodrome,,Russia,Nov,1978
RVSN USSR,Site 41/1,Plesetsk Cosmodrome,,Russia,Nov,1978
RVSN USSR,Site 32/2,Plesetsk Cosmodrome,,Russia,Oct,1978
RVSN USSR,Site 132/1,Plesetsk Cosmodrome,,Russia,Oct,1978
RVSN USSR,Site 43/4,Plesetsk Cosmodrome,,Russia,Oct,1978
RVSN USSR,Site 43/3,Plesetsk Cosmodrome,,Russia,Oct,1978
RVSN USSR,Site 43/4,Plesetsk Cosmodrome,,Russia,Oct,1978
RVSN USSR,Site 43/3,Plesetsk Cosmodrome,,Russia,Oct,1978
RVSN USSR,Site 132/1,Plesetsk Cosmodrome,,Russia,Oct,1978
RVSN USSR,Site 43/3,Plesetsk Cosmodrome,,Russia,Oct,1978
RVSN USSR,Site 43/3,Plesetsk Cosmodrome,,Russia,Sep,1978
RVSN USSR,Site 41/1,Plesetsk Cosmodrome,,Russia,Sep,1978
RVSN USSR,Site 43/4,Plesetsk Cosmodrome,,Russia,Sep,1978
RVSN USSR,Site 43/4,Plesetsk Cosmodrome,,Russia,Aug,1978
RVSN USSR,Site 43/4,Plesetsk Cosmodrome,,Russia,Aug,1978
RVSN USSR,Site 43/3,Plesetsk Cosmodrome,,Russia,Aug,1978
RVSN USSR,Site 132/2,Plesetsk Cosmodrome,,Russia,Jul,1978
RVSN USSR,Site 43/4,Plesetsk Cosmodrome,,Russia,Jul,1978
RVSN USSR,Site 32/2,Plesetsk Cosmodrome,,Russia,Jun,1978
RVSN USSR,Site 43/3,Plesetsk Cosmodrome,,Russia,Jun,1978
RVSN USSR,Site 132/1,Plesetsk Cosmodrome,,Russia,Jun,1978
RVSN USSR,Site 43/3,Plesetsk Cosmodrome,,Russia,Jun,1978
RVSN USSR,Site 132/1,Plesetsk Cosmodrome,,Russia,Jun,1978
RVSN USSR,Site 43/3,Plesetsk Cosmodrome,,Russia,Jun,1978
RVSN USSR,Site 132/1,Plesetsk Cosmodrome,,Russia,May,1978
RVSN USSR,Site 43/4,Plesetsk Cosmodrome,,Russia,May,1978
RVSN USSR,Site 132/1,Plesetsk Cosmodrome,,Russia,May,1978
RVSN USSR,Site 43/3,Plesetsk Cosmodrome,,Russia,May,1978
RVSN USSR,Site 132/1,Plesetsk Cosmodrome,,Russia,May,1978
RVSN USSR,Site 43/4,Plesetsk Cosmodrome,,Russia,May,1978
RVSN USSR,Site 43/3,Plesetsk Cosmodrome,,Russia,May,1978
RVSN USSR,Site 43/4,Plesetsk Cosmodrome,,Russia,Apr,1978
RVSN USSR,Site 132/1,Plesetsk Cosmodrome,,Russia,Mar,1978
RVSN USSR,Site 132/1,Plesetsk Cosmodrome,,Russia,Mar,1978
RVSN USSR,Site 43/3,Plesetsk Cosmodrome,,Russia,Mar,1978
RVSN USSR,Site 132/2,Plesetsk Cosmodrome,,Russia,Mar,1978
RVSN USSR,Site 43/3,Plesetsk Cosmodrome,,Russia,Mar,1978
RVSN USSR,Site 43/3,Plesetsk Cosmodrome,,Russia,Mar,1978
RVSN USSR,Site 132/2,Plesetsk Cosmodrome,,Russia,Feb,1978
RVSN USSR,Site 132/2,Plesetsk Cosmodrome,,Russia,Feb,1978
RVSN USSR,Site 43/3,Plesetsk Cosmodrome,,Russia,Feb,1978
RVSN USSR,Site 43/4,Plesetsk Cosmodrome,,Russia,Jan,1978
RVSN USSR,Site 43/3,Plesetsk Cosmodrome,,Russia,Jan,1978
RVSN USSR,Site 132/1,Plesetsk Cosmodrome,,Russia,Jan,1978
RVSN USSR,Site 43/3,Plesetsk Cosmodrome,,Russia,Jan,1978
RVSN USSR,Site 132/2,Plesetsk Cosmodrome,,Russia,Jan,1978
RVSN USSR,Site 43/4,Plesetsk Cosmodrome,,Russia,Jan,1978
RVSN USSR,Site 43/3,Plesetsk Cosmodrome,,Russia,Jan,1978
RVSN USSR,Site 32/2,Plesetsk Cosmodrome,,Russia,Dec,1977
RVSN USSR,Site 132/1,Plesetsk Cosmodrome,,Russia,Dec,1977
RVSN USSR,Site 43/4,Plesetsk Cosmodrome,,Russia,Dec,1977
RVSN USSR,Site 132/1,Plesetsk Cosmodrome,,Russia,Dec,1977
RVSN USSR,Site 43/4,Plesetsk Cosmodrome,,Russia,Dec,1977
RVSN USSR,Site 132/2,Plesetsk Cosmodrome,,Russia,Dec,1977
RVSN USSR,Site 132/2,Plesetsk Cosmodrome,,Russia,Dec,1977
RVSN USSR,Site 43/4,Plesetsk Cosmodrome,,Russia,Dec,1977
RVSN USSR,Site 132/1,Plesetsk Cosmodrome,,Russia,Nov,1977
RVSN USSR,Site 132/1,Plesetsk Cosmodrome,,Russia,Nov,1977
RVSN USSR,Site 132/1,Plesetsk Cosmodrome,,Russia,Oct,1977
RVSN USSR,Site 43/3,Plesetsk Cosmodrome,,Russia,Oct,1977
RVSN USSR,Site 132/1,Plesetsk Cosmodrome,,Russia,Oct,1977
RVSN USSR,Site 132/1,Plesetsk Cosmodrome,,Russia,Oct,1977
RVSN USSR,Site 43/4,Plesetsk Cosmodrome,,Russia,Oct,1977
RVSN USSR,Site 132/1,Plesetsk Cosmodrome,,Russia,Sep,1977
RVSN USSR,Site 32/2,Plesetsk Cosmodrome,,Russia,Sep,1977
RVSN USSR,Site 43/4,Plesetsk Cosmodrome,,Russia,Sep,1977
RVSN USSR,Site 43/3,Plesetsk Cosmodrome,,Russia,Sep,1977
RVSN USSR,Site 132/1,Plesetsk Cosmodrome,,Russia,Sep,1977
RVSN USSR,Site 43/3,Plesetsk Cosmodrome,,Russia,Sep,1977
RVSN USSR,Site 43/3,Plesetsk Cosmodrome,,Russia,Sep,1977
RVSN USSR,Site 43/4,Plesetsk Cosmodrome,,Russia,Sep,1977
RVSN USSR,Site 43/3,Plesetsk Cosmodrome,,Russia,Aug,1977
RVSN USSR,Site 43/4,Plesetsk Cosmodrome,,Russia,Aug,1977
RVSN USSR,Site 132/1,Plesetsk Cosmodrome,,Russia,Aug,1977
RVSN USSR,Site 43/4,Plesetsk Cosmodrome,,Russia,Aug,1977
RVSN USSR,Site 43/3,Plesetsk Cosmodrome,,Russia,Aug,1977
RVSN USSR,Site 43/4,Plesetsk Cosmodrome,,Russia,Jul,1977
RVSN USSR,Site 43/4,Plesetsk Cosmodrome,,Russia,Jul,1977
RVSN USSR,Site 132/1,Plesetsk Cosmodrome,,Russia,Jul,1977
RVSN USSR,Site 43/4,Plesetsk Cosmodrome,,Russia,Jul,1977
RVSN USSR,Site 132/2,Plesetsk Cosmodrome,,Russia,Jul,1977
RVSN USSR,Site 132/1,Plesetsk Cosmodrome,,Russia,Jul,1977
RVSN USSR,Site 43/4,Plesetsk Cosmodrome,,Russia,Jul,1977
RVSN USSR,Site 132/2,Plesetsk Cosmodrome,,Russia,Jul,1977
RVSN USSR,Site 43/4,Plesetsk Cosmodrome,,Russia,Jul,1977
RVSN USSR,Site 132/2,Plesetsk Cosmodrome,,Russia,Jul,1977
RVSN USSR,Site 132/1,Plesetsk Cosmodrome,,Russia,Jul,1977
RVSN USSR,Site 43/4,Plesetsk Cosmodrome,,Russia,Jun,1977
RVSN USSR,Site 32/2,Plesetsk Cosmodrome,,Russia,Jun,1977
RVSN USSR,Site 133/3,Plesetsk Cosmodrome,,Russia,Jun,1977
RVSN USSR,Site 107/1,Kapustin Yar,,Russia,Jun,1977
RVSN USSR,Site 43/4,Plesetsk Cosmodrome,,Russia,Jun,1977
RVSN USSR,Site 43/3,Plesetsk Cosmodrome,,Russia,Jun,1977
RVSN USSR,Site 43/4,Plesetsk Cosmodrome,,Russia,Jun,1977
RVSN USSR,Site 132/1,Plesetsk Cosmodrome,,Russia,May,1977
RVSN USSR,Site 43/4,Plesetsk Cosmodrome,,Russia,May,1977
RVSN USSR,Site 132/2,Plesetsk Cosmodrome,,Russia,May,1977
RVSN USSR,Site 132/2,Plesetsk Cosmodrome,,Russia,May,1977
RVSN USSR,Site 43/3,Plesetsk Cosmodrome,,Russia,May,1977
RVSN USSR,Site 43/4,Plesetsk Cosmodrome,,Russia,Apr,1977
RVSN USSR,Site 107/1,Kapustin Yar,,Russia,Apr,1977
RVSN USSR,Site 43/3,Plesetsk Cosmodrome,,Russia,Apr,1977
RVSN USSR,Site 43/3,Plesetsk Cosmodrome,,Russia,Apr,1977
RVSN USSR,Site 43/4,Plesetsk Cosmodrome,,Russia,Apr,1977
RVSN USSR,Site 133/3,Plesetsk Cosmodrome,,Russia,Apr,1977
RVSN USSR,Site 43/3,Plesetsk Cosmodrome,,Russia,Apr,1977
RVSN USSR,Site 132/2,Plesetsk Cosmodrome,,Russia,Mar,1977
RVSN USSR,Site 132/2,Plesetsk Cosmodrome,,Russia,Mar,1977
RVSN USSR,Site 43/4,Plesetsk Cosmodrome,,Russia,Mar,1977
RVSN USSR,Site 43/3,Plesetsk Cosmodrome,,Russia,Mar,1977
RVSN USSR,Site 43/3,Plesetsk Cosmodrome,,Russia,Mar,1977
RVSN USSR,Site 43/4,Plesetsk Cosmodrome,,Russia,Mar,1977
RVSN USSR,Site 43/4,Plesetsk Cosmodrome,,Russia,Feb,1977
RVSN USSR,Site 132/1,Plesetsk Cosmodrome,,Russia,Feb,1977
RVSN USSR,Site 132/2,Plesetsk Cosmodrome,,Russia,Feb,1977
RVSN USSR,Site 43/4,Plesetsk Cosmodrome,,Russia,Feb,1977
RVSN USSR,Site 43/3,Plesetsk Cosmodrome,,Russia,Feb,1977
RVSN USSR,Site 132/2,Plesetsk Cosmodrome,,Russia,Feb,1977
RVSN USSR,Site 132/1,Plesetsk Cosmodrome,,Russia,Jan,1977
RVSN USSR,Site 43/4,Plesetsk Cosmodrome,,Russia,Jan,1977
RVSN USSR,Site 132/1,Plesetsk Cosmodrome,,Russia,Dec,1976
RVSN USSR,Site 43/4,Plesetsk Cosmodrome,,Russia,Dec,1976
RVSN USSR,Site 132/2,Plesetsk Cosmodrome,,Russia,Dec,1976
RVSN USSR,Site 132/1,Plesetsk Cosmodrome,,Russia,Dec,1976
RVSN USSR,Site 132/1,Plesetsk Cosmodrome,,Russia,Dec,1976
RVSN USSR,Site 132/2,Plesetsk Cosmodrome,,Russia,Dec,1976
RVSN USSR,Site 43/4,Plesetsk Cosmodrome,,Russia,Dec,1976
RVSN USSR,Site 43/4,Plesetsk Cosmodrome,,Russia,Dec,1976
RVSN USSR,Site 132/2,Plesetsk Cosmodrome,,Russia,Dec,1976
RVSN USSR,Site 43/4,Plesetsk Cosmodrome,,Russia,Nov,1976
RVSN USSR,Site 43/4,Plesetsk Cosmodrome,,Russia,Nov,1976
RVSN USSR,Site 132/2,Plesetsk Cosmodrome,,Russia,Oct,1976
RVSN USSR,Site 43/4,Plesetsk Cosmodrome,,Russia,Oct,1976
RVSN USSR,Site 43/4,Plesetsk Cosmodrome,,Russia,Oct,1976
RVSN USSR,Site 43/3,Plesetsk Cosmodrome,,Russia,Oct,1976
RVSN USSR,Site 43/4,Plesetsk Cosmodrome,,Russia,Oct,1976
RVSN USSR,Site 132/2,Plesetsk Cosmodrome,,Russia,Sep,1976
RVSN USSR,Site 43/3,Plesetsk Cosmodrome,,Russia,Sep,1976
RVSN USSR,Site 43/3,Plesetsk Cosmodrome,,Russia,Sep,1976
RVSN USSR,Site 43/4,Plesetsk Cosmodrome,,Russia,Sep,1976
RVSN USSR,Site 43/3,Plesetsk Cosmodrome,,Russia,Sep,1976
RVSN USSR,Site 43/4,Plesetsk Cosmodrome,,Russia,Aug,1976
RVSN USSR,Site 133/3,Plesetsk Cosmodrome,,Russia,Aug,1976
RVSN USSR,Site 133/3,Plesetsk Cosmodrome,,Russia,Aug,1976
RVSN USSR,Site 43/3,Plesetsk Cosmodrome,,Russia,Aug,1976
RVSN USSR,Site 43/4,Plesetsk Cosmodrome,,Russia,Aug,1976
RVSN USSR,Site 132/1,Plesetsk Cosmodrome,,Russia,Jul,1976
RVSN USSR,Site 132/2,Plesetsk Cosmodrome,,Russia,Jul,1976
RVSN USSR,Site 132/1,Plesetsk Cosmodrome,,Russia,Jul,1976
RVSN USSR,Site 43/3,Plesetsk Cosmodrome,,Russia,Jul,1976
RVSN USSR,Site 132/1,Plesetsk Cosmodrome,,Russia,Jul,1976
RVSN USSR,Site 132/1,Plesetsk Cosmodrome,,Russia,Jul,1976
RVSN USSR,Site 43/4,Plesetsk Cosmodrome,,Russia,Jul,1976
RVSN USSR,Site 132/1,Plesetsk Cosmodrome,,Russia,Jul,1976
RVSN USSR,Site 43/4,Plesetsk Cosmodrome,,Russia,Jul,1976
RVSN USSR,Site 132/2,Plesetsk Cosmodrome,,Russia,Jun,1976
RVSN USSR,Site 43/3,Plesetsk Cosmodrome,,Russia,Jun,1976
RVSN USSR,Site 132/1,Plesetsk Cosmodrome,,Russia,Jun,1976
RVSN USSR,Site 43/3,Plesetsk Cosmodrome,,Russia,Jun,1976
RVSN USSR,Site 132/2,Plesetsk Cosmodrome,,Russia,Jun,1976
RVSN USSR,Site 132/2,Plesetsk Cosmodrome,,Russia,Jun,1976
RVSN USSR,Site 43/3,Plesetsk Cosmodrome,,Russia,May,1976
RVSN USSR,Site 43/3,Plesetsk Cosmodrome,,Russia,May,1976
RVSN USSR,Site 133/3,Plesetsk Cosmodrome,,Russia,May,1976
RVSN USSR,Site 43/3,Plesetsk Cosmodrome,,Russia,May,1976
RVSN USSR,Site 41/1,Plesetsk Cosmodrome,,Russia,May,1976
RVSN USSR,Site 132/1,Plesetsk Cosmodrome,,Russia,May,1976
RVSN USSR,Site 132/1,Plesetsk Cosmodrome,,Russia,Apr,1976
RVSN USSR,Site 43/3,Plesetsk Cosmodrome,,Russia,Apr,1976
RVSN USSR,Site 43/3,Plesetsk Cosmodrome,,Russia,Apr,1976
RVSN USSR,Site 41/1,Plesetsk Cosmodrome,,Russia,Apr,1976
RVSN USSR,Site 132/1,Plesetsk Cosmodrome,,Russia,Apr,1976
RVSN USSR,Site 41/1,Plesetsk Cosmodrome,,Russia,Mar,1976
RVSN USSR,Site 43/3,Plesetsk Cosmodrome,,Russia,Mar,1976
RVSN USSR,Site 41/1,Plesetsk Cosmodrome,,Russia,Mar,1976
RVSN USSR,Site 132/1,Plesetsk Cosmodrome,,Russia,Mar,1976
RVSN USSR,Site 41/1,Plesetsk Cosmodrome,,Russia,Mar,1976
RVSN USSR,Site 43/3,Plesetsk Cosmodrome,,Russia,Feb,1976
RVSN USSR,Site 132/2,Plesetsk Cosmodrome,,Russia,Feb,1976
RVSN USSR,Site 133/3,Plesetsk Cosmodrome,,Russia,Feb,1976
RVSN USSR,Site 132/1,Plesetsk Cosmodrome,,Russia,Feb,1976
RVSN USSR,Site 132/1,Plesetsk Cosmodrome,,Russia,Jan,1976
RVSN USSR,Site 132/1,Plesetsk Cosmodrome,,Russia,Jan,1976
RVSN USSR,Site 132/1,Plesetsk Cosmodrome,,Russia,Jan,1976
RVSN USSR,Site 43/3,Plesetsk Cosmodrome,,Russia,Jan,1976
RVSN USSR,Site 132/1,Plesetsk Cosmodrome,,Russia,Jan,1976
RVSN USSR,Site 43/3,Plesetsk Cosmodrome,,Russia,Dec,1975
RVSN USSR,Site 41/1,Plesetsk Cosmodrome,,Russia,Dec,1975
RVSN USSR,Site 132/1,Plesetsk Cosmodrome,,Russia,Dec,1975
RVSN USSR,Site 43/3,Plesetsk Cosmodrome,,Russia,Dec,1975
RVSN USSR,Site 132/1,Plesetsk Cosmodrome,,Russia,Dec,1975
RVSN USSR,Site 43/3,Plesetsk Cosmodrome,,Russia,Dec,1975
RVSN USSR,Site 132/1,Plesetsk Cosmodrome,,Russia,Nov,1975
RVSN USSR,Site 43/3,Plesetsk Cosmodrome,,Russia,Nov,1975
RVSN USSR,Site 132/1,Plesetsk Cosmodrome,,Russia,Nov,1975
RVSN USSR,Site 132/1,Plesetsk Cosmodrome,,Russia,Nov,1975
RVSN USSR,Site 43/3,Plesetsk Cosmodrome,,Russia,Nov,1975
RVSN USSR,Site 43/3,Plesetsk Cosmodrome,,Russia,Nov,1975
RVSN USSR,Site 41/1,Plesetsk Cosmodrome,,Russia,Oct,1975
RVSN USSR,Site 132/1,Plesetsk Cosmodrome,,Russia,Sep,1975
RVSN USSR,Site 43/3,Plesetsk Cosmodrome,,Russia,Sep,1975
RVSN USSR,Site 132/1,Plesetsk Cosmodrome,,Russia,Sep,1975
RVSN USSR,Site 41/1,Plesetsk Cosmodrome,,Russia,Sep,1975
RVSN USSR,Site 41/1,Plesetsk Cosmodrome,,Russia,Sep,1975
RVSN USSR,Site 132/1,Plesetsk Cosmodrome,,Russia,Sep,1975
RVSN USSR,Site 43/3,Plesetsk Cosmodrome,,Russia,Sep,1975
RVSN USSR,Site 41/1,Plesetsk Cosmodrome,,Russia,Sep,1975
RVSN USSR,Site 43/3,Plesetsk Cosmodrome,,Russia,Sep,1975
RVSN USSR,Site 41/1,Plesetsk Cosmodrome,,Russia,Sep,1975
RVSN USSR,Site 41/1,Plesetsk Cosmodrome,,Russia,Aug,1975
RVSN USSR,Site 41/1,Plesetsk Cosmodrome,,Russia,Aug,1975
RVSN USSR,Site 132/1,Plesetsk Cosmodrome,,Russia,Aug,1975
RVSN USSR,Site 43/3,Plesetsk Cosmodrome,,Russia,Jul,1975
RVSN USSR,Site 132/1,Plesetsk Cosmodrome,,Russia,Jul,1975
RVSN USSR,Site 43/3,Plesetsk Cosmodrome,,Russia,Jul,1975
RVSN USSR,Site 133/3,Plesetsk Cosmodrome,,Russia,Jul,1975
RVSN USSR,Site 41/1,Plesetsk Cosmodrome,,Russia,Jul,1975
RVSN USSR,Site 41/1,Plesetsk Cosmodrome,,Russia,Jul,1975
RVSN USSR,Site 132/1,Plesetsk Cosmodrome,,Russia,Jul,1975
RVSN USSR,Site 41/1,Plesetsk Cosmodrome,,Russia,Jul,1975
RVSN USSR,Site 41/1,Plesetsk Cosmodrome,,Russia,Jun,1975
RVSN USSR,Site 43/3,Plesetsk Cosmodrome,,Russia,Jun,1975
RVSN USSR,Site 133/3,Plesetsk Cosmodrome,,Russia,Jun,1975
RVSN USSR,Site 41/1,Plesetsk Cosmodrome,,Russia,Jun,1975
RVSN USSR,Site 43/3,Plesetsk Cosmodrome,,Russia,Jun,1975
RVSN USSR,Site 41/1,Plesetsk Cosmodrome,,Russia,Jun,1975
RVSN USSR,Site 43/3,Plesetsk Cosmodrome,,Russia,Jun,1975
RVSN USSR,Site 107/1,Kapustin Yar,,Russia,Jun,1975
RVSN USSR,Site 43/3,Plesetsk Cosmodrome,,Russia,May,1975
RVSN USSR,Site 132/1,Plesetsk Cosmodrome,,Russia,May,1975
RVSN USSR,Site 43/3,Plesetsk Cosmodrome,,Russia,May,1975
RVSN USSR,Site 41/1,Plesetsk Cosmodrome,,Russia,Apr,1975
RVSN USSR,Site 43/3,Plesetsk Cosmodrome,,Russia,Apr,1975
RVSN USSR,Site 132/1,Plesetsk Cosmodrome,,Russia,Apr,1975
RVSN USSR,Site 132/2,Plesetsk Cosmodrome,,Russia,Apr,1975
RVSN USSR,Site 41/1,Plesetsk Cosmodrome,,Russia,Apr,1975
RVSN USSR,Site 41/1,Plesetsk Cosmodrome,,Russia,Apr,1975
RVSN USSR,Site 132/1,Plesetsk Cosmodrome,,Russia,Apr,1975
RVSN USSR,Site 133/3,Plesetsk Cosmodrome,,Russia,Apr,1975
RVSN USSR,Site 41/1,Plesetsk Cosmodrome,,Russia,Apr,1975
RVSN USSR,Site 132/1,Plesetsk Cosmodrome,,Russia,Mar,1975
RVSN USSR,Site 41/1,Plesetsk Cosmodrome,,Russia,Mar,1975
RVSN USSR,Site 43/3,Plesetsk Cosmodrome,,Russia,Mar,1975
RVSN USSR,Site 132/2,Plesetsk Cosmodrome,,Russia,Feb,1975
RVSN USSR,Site 41/1,Plesetsk Cosmodrome,,Russia,Feb,1975
RVSN USSR,Site 132/1,Plesetsk Cosmodrome,,Russia,Feb,1975
RVSN USSR,Site 41/1,Plesetsk Cosmodrome,,Russia,Feb,1975
RVSN USSR,Site 132/1,Plesetsk Cosmodrome,,Russia,Feb,1975
RVSN USSR,Site 41/1,Plesetsk Cosmodrome,,Russia,Jan,1975
RVSN USSR,Site 133/3,Plesetsk Cosmodrome,,Russia,Jan,1975
RVSN USSR,Site 41/1,Plesetsk Cosmodrome,,Russia,Jan,1975
RVSN USSR,Site 133/3,Plesetsk Cosmodrome,,Russia,Jan,1975
RVSN USSR,Site 132/1,Plesetsk Cosmodrome,,Russia,Dec,1974
RVSN USSR,Site 41/1,Plesetsk Cosmodrome,,Russia,Dec,1974
RVSN USSR,Site 132/1,Plesetsk Cosmodrome,,Russia,Dec,1974
RVSN USSR,Site 43/4,Plesetsk Cosmodrome,,Russia,Dec,1974
RVSN USSR,Site 43/3,Plesetsk Cosmodrome,,Russia,Dec,1974
RVSN USSR,Site 43/4,Plesetsk Cosmodrome,,Russia,Nov,1974
RVSN USSR,Site 41/1,Plesetsk Cosmodrome,,Russia,Nov,1974
RVSN USSR,Site 133/3,Plesetsk Cosmodrome,,Russia,Nov,1974
RVSN USSR,Site 43/4,Plesetsk Cosmodrome,,Russia,Nov,1974
RVSN USSR,Site 41/1,Plesetsk Cosmodrome,,Russia,Nov,1974
RVSN USSR,Site 43/4,Plesetsk Cosmodrome,,Russia,Nov,1974
RVSN USSR,Site 132/2,Plesetsk Cosmodrome,,Russia,Oct,1974
RVSN USSR,Site 43/4,Plesetsk Cosmodrome,,Russia,Oct,1974
RVSN USSR,Site 41/1,Plesetsk Cosmodrome,,Russia,Oct,1974
RVSN USSR,Site 43/3,Plesetsk Cosmodrome,,Russia,Oct,1974
RVSN USSR,Site 132/2,Plesetsk Cosmodrome,,Russia,Oct,1974
RVSN USSR,Site 41/1,Plesetsk Cosmodrome,,Russia,Oct,1974
RVSN USSR,Site 132/2,Plesetsk Cosmodrome,,Russia,Oct,1974
RVSN USSR,Site 133/3,Plesetsk Cosmodrome,,Russia,Sep,1974
RVSN USSR,Site 132/2,Plesetsk Cosmodrome,,Russia,Sep,1974
RVSN USSR,Site 132/2,Plesetsk Cosmodrome,,Russia,Sep,1974
RVSN USSR,Site 41/1,Plesetsk Cosmodrome,,Russia,Aug,1974
RVSN USSR,Site 132/2,Plesetsk Cosmodrome,,Russia,Aug,1974
RVSN USSR,Site 43/4,Plesetsk Cosmodrome,,Russia,Aug,1974
RVSN USSR,Site 43/4,Plesetsk Cosmodrome,,Russia,Aug,1974
RVSN USSR,Site 43/4,Plesetsk Cosmodrome,,Russia,Jul,1974
RVSN USSR,Site 133/3,Plesetsk Cosmodrome,,Russia,Jul,1974
RVSN USSR,Site 43/4,Plesetsk Cosmodrome,,Russia,Jul,1974
RVSN USSR,Site 43/4,Plesetsk Cosmodrome,,Russia,Jul,1974
RVSN USSR,Site 133/3,Plesetsk Cosmodrome,,Russia,Jul,1974
RVSN USSR,Site 86/1,Kapustin Yar,,Russia,Jul,1974
RVSN USSR,Site 43/4,Plesetsk Cosmodrome,,Russia,Jul,1974
RVSN USSR,Site 41/1,Plesetsk Cosmodrome,,Russia,Jun,1974
RVSN USSR,Site 43/4,Plesetsk Cosmodrome,,Russia,Jun,1974
RVSN USSR,Site 132/1,Plesetsk Cosmodrome,,Russia,Jun,1974
RVSN USSR,Site 133/3,Plesetsk Cosmodrome,,Russia,Jun,1974
RVSN USSR,Site 132/2,Plesetsk Cosmodrome,,Russia,Jun,1974
RVSN USSR,Site 132/2,Plesetsk Cosmodrome,,Russia,Jun,1974
RVSN USSR,Site 43/4,Plesetsk Cosmodrome,,Russia,Jun,1974
RVSN USSR,Site 43/4,Plesetsk Cosmodrome,,Russia,May,1974
RVSN USSR,Site 43/3,Plesetsk Cosmodrome,,Russia,May,1974
RVSN USSR,Site 132/2,Plesetsk Cosmodrome,,Russia,May,1974
RVSN USSR,Site 132/1,Plesetsk Cosmodrome,,Russia,May,1974
RVSN USSR,Site 43/4,Plesetsk Cosmodrome,,Russia,May,1974
RVSN USSR,Site 132/2,Plesetsk Cosmodrome,,Russia,Apr,1974
RVSN USSR,Site 43/4,Plesetsk Cosmodrome,,Russia,Apr,1974
RVSN USSR,Site 41/1,Plesetsk Cosmodrome,,Russia,Apr,1974
RVSN USSR,Site 43/4,Plesetsk Cosmodrome,,Russia,Apr,1974
RVSN USSR,Site 43/4,Plesetsk Cosmodrome,,Russia,Apr,1974
RVSN USSR,Site 43/4,Plesetsk Cosmodrome,,Russia,Apr,1974
RVSN USSR,Site 41/1,Plesetsk Cosmodrome,,Russia,Apr,1974
RVSN USSR,Site 132/2,Plesetsk Cosmodrome,,Russia,Mar,1974
RVSN USSR,Site 43/4,Plesetsk Cosmodrome,,Russia,Mar,1974
RVSN USSR,Site 133/3,Plesetsk Cosmodrome,,Russia,Mar,1974
RVSN USSR,Site 43/4,Plesetsk Cosmodrome,,Russia,Mar,1974
RVSN USSR,Site 133/3,Plesetsk Cosmodrome,,Russia,Feb,1974
RVSN USSR,Site 132/2,Plesetsk Cosmodrome,,Russia,Feb,1974
RVSN USSR,Site 43/4,Plesetsk Cosmodrome,,Russia,Jan,1974
RVSN USSR,Site 43/4,Plesetsk Cosmodrome,,Russia,Jan,1974
RVSN USSR,Site 132/2,Plesetsk Cosmodrome,,Russia,Jan,1974
RVSN USSR,Site 132/2,Plesetsk Cosmodrome,,Russia,Dec,1973
RVSN USSR,Site 132/1,Plesetsk Cosmodrome,,Russia,Dec,1973
RVSN USSR,Site 41/1,Plesetsk Cosmodrome,,Russia,Dec,1973
RVSN USSR,Site 43/4,Plesetsk Cosmodrome,,Russia,Dec,1973
RVSN USSR,Site 132/2,Plesetsk Cosmodrome,,Russia,Dec,1973
RVSN USSR,Site 41/1,Plesetsk Cosmodrome,,Russia,Dec,1973
RVSN USSR,Site 133/3,Plesetsk Cosmodrome,,Russia,Dec,1973
RVSN USSR,Site 132/2,Plesetsk Cosmodrome,,Russia,Dec,1973
RVSN USSR,Site 41/1,Plesetsk Cosmodrome,,Russia,Nov,1973
RVSN USSR,Site 43/4,Plesetsk Cosmodrome,,Russia,Nov,1973
RVSN USSR,Site 133/3,Plesetsk Cosmodrome,,Russia,Nov,1973
RVSN USSR,Site 132/2,Plesetsk Cosmodrome,,Russia,Nov,1973
RVSN USSR,Site 133/3,Plesetsk Cosmodrome,,Russia,Nov,1973
RVSN USSR,Site 43/4,Plesetsk Cosmodrome,,Russia,Nov,1973
RVSN USSR,Site 41/1,Plesetsk Cosmodrome,,Russia,Nov,1973
RVSN USSR,Site 43/3,Plesetsk Cosmodrome,,Russia,Oct,1973
RVSN USSR,Site 132/2,Plesetsk Cosmodrome,,Russia,Oct,1973
RVSN USSR,Site 43/4,Plesetsk Cosmodrome,,Russia,Oct,1973
RVSN USSR,Site 41/1,Plesetsk Cosmodrome,,Russia,Oct,1973
RVSN USSR,Site 43/4,Plesetsk Cosmodrome,,Russia,Oct,1973
RVSN USSR,Site 41/1,Plesetsk Cosmodrome,,Russia,Oct,1973
RVSN USSR,Site 133/3,Plesetsk Cosmodrome,,Russia,Oct,1973
RVSN USSR,Site 43/4,Plesetsk Cosmodrome,,Russia,Oct,1973
RVSN USSR,Site 41/1,Plesetsk Cosmodrome,,Russia,Oct,1973
RVSN USSR,Site 41/1,Plesetsk Cosmodrome,,Russia,Oct,1973
RVSN USSR,Site 41/1,Plesetsk Cosmodrome,,Russia,Oct,1973
RVSN USSR,Site 132/2,Plesetsk Cosmodrome,,Russia,Oct,1973
RVSN USSR,Site 43/3,Plesetsk Cosmodrome,,Russia,Sep,1973
RVSN USSR,Site 132/2,Plesetsk Cosmodrome,,Russia,Sep,1973
RVSN USSR,Site 132/2,Plesetsk Cosmodrome,,Russia,Sep,1973
RVSN USSR,Site 41/1,Plesetsk Cosmodrome,,Russia,Sep,1973
RVSN USSR,Site 41/1,Plesetsk Cosmodrome,,Russia,Aug,1973
RVSN USSR,Site 132/2,Plesetsk Cosmodrome,,Russia,Aug,1973
RVSN USSR,Site 133/3,Plesetsk Cosmodrome,,Russia,Aug,1973
RVSN USSR,Site 41/1,Plesetsk Cosmodrome,,Russia,Aug,1973
RVSN USSR,Site 43/4,Plesetsk Cosmodrome,,Russia,Aug,1973
RVSN USSR,Site 43/4,Plesetsk Cosmodrome,,Russia,Jul,1973
RVSN USSR,Site 41/1,Plesetsk Cosmodrome,,Russia,Jul,1973
RVSN USSR,Site 43/3,Plesetsk Cosmodrome,,Russia,Jul,1973
RVSN USSR,Site 41/1,Plesetsk Cosmodrome,,Russia,Jun,1973
RVSN USSR,Site 132/2,Plesetsk Cosmodrome,,Russia,Jun,1973
RVSN USSR,Site 43/4,Plesetsk Cosmodrome,,Russia,Jun,1973
RVSN USSR,Site 132/1,Plesetsk Cosmodrome,,Russia,Jun,1973
RVSN USSR,Site 132/1,Plesetsk Cosmodrome,,Russia,Jun,1973
RVSN USSR,Site 43/4,Plesetsk Cosmodrome,,Russia,Jun,1973
RVSN USSR,Site 133/3,Plesetsk Cosmodrome,,Russia,Jun,1973
RVSN USSR,Site 41/1,Plesetsk Cosmodrome,,Russia,May,1973
RVSN USSR,Site 43/4,Plesetsk Cosmodrome,,Russia,May,1973
RVSN USSR,Site 132/1,Plesetsk Cosmodrome,,Russia,May,1973
RVSN USSR,Site 86/1,Kapustin Yar,,Russia,May,1973
RVSN USSR,Site 43/4,Plesetsk Cosmodrome,,Russia,May,1973
RVSN USSR,Site 43/3,Plesetsk Cosmodrome,,Russia,May,1973
RVSN USSR,Site 133/3,Plesetsk Cosmodrome,,Russia,May,1973
RVSN USSR,Site 41/1,Plesetsk Cosmodrome,,Russia,May,1973
RVSN USSR,Site 43/4,Plesetsk Cosmodrome,,Russia,Apr,1973
RVSN USSR,Site 86/1,Kapustin Yar,,Russia,Apr,1973
RVSN USSR,Site 43/4,Plesetsk Cosmodrome,,Russia,Apr,1973
RVSN USSR,Site 133/3,Plesetsk Cosmodrome,,Russia,Apr,1973
RVSN USSR,Site 41/1,Plesetsk Cosmodrome,,Russia,Apr,1973
RVSN USSR,Site 43/4,Plesetsk Cosmodrome,,Russia,Mar,1973
RVSN USSR,Site 41/1,Plesetsk Cosmodrome,,Russia,Mar,1973
RVSN USSR,Site 41/1,Plesetsk Cosmodrome,,Russia,Mar,1973
RVSN USSR,Site 132/1,Plesetsk Cosmodrome,,Russia,Feb,1973
RVSN USSR,Site 43/4,Plesetsk Cosmodrome,,Russia,Feb,1973
RVSN USSR,Site 107/1,Kapustin Yar,,Russia,Jan,1973
RVSN USSR,Site 133/3,Plesetsk Cosmodrome,,Russia,Jan,1973
RVSN USSR,Site 132/1,Plesetsk Cosmodrome,,Russia,Jan,1973
RVSN USSR,Site 43/4,Plesetsk Cosmodrome,,Russia,Dec,1972
RVSN USSR,Site 41/1,Plesetsk Cosmodrome,,Russia,Dec,1972
RVSN USSR,Site 132/2,Plesetsk Cosmodrome,,Russia,Dec,1972
RVSN USSR,Site 132/2,Plesetsk Cosmodrome,,Russia,Dec,1972
RVSN USSR,Site 43/4,Plesetsk Cosmodrome,,Russia,Dec,1972
RVSN USSR,Site 41/1,Plesetsk Cosmodrome,,Russia,Dec,1972
RVSN USSR,Site 86/1,Kapustin Yar,,Russia,Nov,1972
RVSN USSR,Site 132/1,Plesetsk Cosmodrome,,Russia,Nov,1972
RVSN USSR,Site 132/2,Plesetsk Cosmodrome,,Russia,Nov,1972
RVSN USSR,Site 43/4,Plesetsk Cosmodrome,,Russia,Oct,1972
RVSN USSR,Site 43/4,Plesetsk Cosmodrome,,Russia,Oct,1972
RVSN USSR,Site 133/3,Plesetsk Cosmodrome,,Russia,Oct,1972
RVSN USSR,Site 43/4,Plesetsk Cosmodrome,,Russia,Oct,1972
RVSN USSR,Site 132/1,Plesetsk Cosmodrome,,Russia,Oct,1972
RVSN USSR,Site 41/1,Plesetsk Cosmodrome,,Russia,Oct,1972
RVSN USSR,Site 133/3,Plesetsk Cosmodrome,,Russia,Oct,1972
RVSN USSR,Site 133/3,Plesetsk Cosmodrome,,Russia,Oct,1972
RVSN USSR,Site 41/1,Plesetsk Cosmodrome,,Russia,Oct,1972
RVSN USSR,Site 41/1,Plesetsk Cosmodrome,,Russia,Sep,1972
RVSN USSR,Site 132/2,Plesetsk Cosmodrome,,Russia,Sep,1972
RVSN USSR,Site 41/1,Plesetsk Cosmodrome,,Russia,Sep,1972
RVSN USSR,Site 43/4,Plesetsk Cosmodrome,,Russia,Sep,1972
RVSN USSR,Site 43/4,Plesetsk Cosmodrome,,Russia,Sep,1972
RVSN USSR,Site 86/1,Kapustin Yar,,Russia,Aug,1972
RVSN USSR,Site 43/4,Plesetsk Cosmodrome,,Russia,Aug,1972
RVSN USSR,Site 132/2,Plesetsk Cosmodrome,,Russia,Aug,1972
RVSN USSR,Site 132/2,Plesetsk Cosmodrome,,Russia,Jul,1972
RVSN USSR,Site 43/3,Plesetsk Cosmodrome,,Russia,Jul,1972
RVSN USSR,Site 43/4,Plesetsk Cosmodrome,,Russia,Jul,1972
RVSN USSR,Site 86/1,Kapustin Yar,,Russia,Jul,1972
RVSN USSR,Site 132/2,Plesetsk Cosmodrome,,Russia,Jul,1972
RVSN USSR,Site 133/3,Plesetsk Cosmodrome,,Russia,Jul,1972
RVSN USSR,Site 41/1,Plesetsk Cosmodrome,,Russia,Jun,1972
RVSN USSR,Site 133/3,Plesetsk Cosmodrome,,Russia,Jun,1972
RVSN USSR,Site 43/3,Plesetsk Cosmodrome,,Russia,Jun,1972
RVSN USSR,Site 132/2,Plesetsk Cosmodrome,,Russia,Jun,1972
RVSN USSR,Site 43/4,Plesetsk Cosmodrome,,Russia,May,1972
RVSN USSR,Site 43/3,Plesetsk Cosmodrome,,Russia,May,1972
RVSN USSR,Site 132/1,Plesetsk Cosmodrome,,Russia,May,1972
RVSN USSR,Site 43/4,Plesetsk Cosmodrome,,Russia,May,1972
RVSN USSR,Site 133/3,Plesetsk Cosmodrome,,Russia,Apr,1972
RVSN USSR,Site 133/3,Plesetsk Cosmodrome,,Russia,Apr,1972
RVSN USSR,Site 43/3,Plesetsk Cosmodrome,,Russia,Apr,1972
RVSN USSR,Site 133/3,Plesetsk Cosmodrome,,Russia,Apr,1972
RVSN USSR,Site 43/3,Plesetsk Cosmodrome,,Russia,Apr,1972
RVSN USSR,Site 43/4,Plesetsk Cosmodrome,,Russia,Apr,1972
RVSN USSR,Site 41/1,Plesetsk Cosmodrome,,Russia,Apr,1972
RVSN USSR,Site 41/1,Plesetsk Cosmodrome,,Russia,Mar,1972
RVSN USSR,Site 133/3,Plesetsk Cosmodrome,,Russia,Mar,1972
RVSN USSR,Site 132/2,Plesetsk Cosmodrome,,Russia,Mar,1972
RVSN USSR,Site 132/2,Plesetsk Cosmodrome,,Russia,Mar,1972
RVSN USSR,Site 43/3,Plesetsk Cosmodrome,,Russia,Mar,1972
RVSN USSR,Site 41/1,Plesetsk Cosmodrome,,Russia,Mar,1972
RVSN USSR,Site 43/4,Plesetsk Cosmodrome,,Russia,Mar,1972
RVSN USSR,Site 132/2,Plesetsk Cosmodrome,,Russia,Feb,1972
RVSN USSR,Site 86/1,Kapustin Yar,,Russia,Feb,1972
RVSN USSR,Site 133/3,Plesetsk Cosmodrome,,Russia,Jan,1972
RVSN USSR,Site 43/4,Plesetsk Cosmodrome,,Russia,Dec,1971
RVSN USSR,Site 132/1,Plesetsk Cosmodrome,,Russia,Dec,1971
RVSN USSR,Site 41/1,Plesetsk Cosmodrome,,Russia,Dec,1971
RVSN USSR,Site 43/4,Plesetsk Cosmodrome,,Russia,Dec,1971
RVSN USSR,Site 132/2,Plesetsk Cosmodrome,,Russia,Dec,1971
RVSN USSR,Site 133/3,Plesetsk Cosmodrome,,Russia,Dec,1971
RVSN USSR,Site 132/2,Plesetsk Cosmodrome,,Russia,Dec,1971
RVSN USSR,Site 43/3,Plesetsk Cosmodrome,,Russia,Dec,1971
RVSN USSR,Site 43/4,Plesetsk Cosmodrome,,Russia,Dec,1971
RVSN USSR,Site 132/1,Plesetsk Cosmodrome,,Russia,Dec,1971
RVSN USSR,Site 86/1,Kapustin Yar,,Russia,Dec,1971
RVSN USSR,Site 132/2,Plesetsk Cosmodrome,,Russia,Nov,1971
RVSN USSR,Site 132/1,Plesetsk Cosmodrome,,Russia,Nov,1971
RVSN USSR,Site 133/3,Plesetsk Cosmodrome,,Russia,Nov,1971
RVSN USSR,Site 43/4,Plesetsk Cosmodrome,,Russia,Nov,1971
RVSN USSR,Site 132/2,Plesetsk Cosmodrome,,Russia,Nov,1971
RVSN USSR,Site 43/3,Plesetsk Cosmodrome,,Russia,Nov,1971
RVSN USSR,Site 133/3,Plesetsk Cosmodrome,,Russia,Nov,1971
RVSN USSR,Site 41/1,Plesetsk Cosmodrome,,Russia,Nov,1971
RVSN USSR,Site 133/3,Plesetsk Cosmodrome,,Russia,Oct,1971
RVSN USSR,Site 132/2,Plesetsk Cosmodrome,,Russia,Oct,1971
RVSN USSR,Site 43/3,Plesetsk Cosmodrome,,Russia,Oct,1971
RVSN USSR,Site 43/3,Plesetsk Cosmodrome,,Russia,Sep,1971
RVSN USSR,Site 133/3,Plesetsk Cosmodrome,,Russia,Sep,1971
RVSN USSR,Site 43/3,Plesetsk Cosmodrome,,Russia,Sep,1971
RVSN USSR,Site 41/1,Plesetsk Cosmodrome,,Russia,Sep,1971
RVSN USSR,Site 132/2,Plesetsk Cosmodrome,,Russia,Sep,1971
RVSN USSR,Site 132/2,Plesetsk Cosmodrome,,Russia,Sep,1971
RVSN USSR,Site 133/3,Plesetsk Cosmodrome,,Russia,Aug,1971
RVSN USSR,Site 133/3,Plesetsk Cosmodrome,,Russia,Aug,1971
RVSN USSR,Site 43/4,Plesetsk Cosmodrome,,Russia,Jul,1971
RVSN USSR,Site 43/4,Plesetsk Cosmodrome,,Russia,Jul,1971
RVSN USSR,Site 43/3,Plesetsk Cosmodrome,,Russia,Jul,1971
RVSN USSR,Site 132/2,Plesetsk Cosmodrome,,Russia,Jul,1971
RVSN USSR,Site 43/4,Plesetsk Cosmodrome,,Russia,Jul,1971
RVSN USSR,Site 43/4,Plesetsk Cosmodrome,,Russia,Jun,1971
RVSN USSR,Site 43/4,Plesetsk Cosmodrome,,Russia,Jun,1971
RVSN USSR,Site 132/2,Plesetsk Cosmodrome,,Russia,Jun,1971
RVSN USSR,Site 132/1,Plesetsk Cosmodrome,,Russia,May,1971
RVSN USSR,Site 43/4,Plesetsk Cosmodrome,,Russia,May,1971
RVSN USSR,Site 133/3,Plesetsk Cosmodrome,,Russia,May,1971
RVSN USSR,Site 132/1,Plesetsk Cosmodrome,,Russia,May,1971
RVSN USSR,Site 133/3,Plesetsk Cosmodrome,,Russia,May,1971
RVSN USSR,Site 132/1,Plesetsk Cosmodrome,,Russia,May,1971
RVSN USSR,Site 132/1,Plesetsk Cosmodrome,,Russia,Apr,1971
RVSN USSR,Site 133/3,Plesetsk Cosmodrome,,Russia,Apr,1971
RVSN USSR,Site 86/1,Kapustin Yar,,Russia,Apr,1971
RVSN USSR,Site 43/4,Plesetsk Cosmodrome,,Russia,Apr,1971
RVSN USSR,Site 43/3,Plesetsk Cosmodrome,,Russia,Apr,1971
RVSN USSR,Site 43/4,Plesetsk Cosmodrome,,Russia,Apr,1971
RVSN USSR,Site 43/3,Plesetsk Cosmodrome,,Russia,Apr,1971
RVSN USSR,Site 43/4,Plesetsk Cosmodrome,,Russia,Mar,1971
RVSN USSR,Site 132/1,Plesetsk Cosmodrome,,Russia,Mar,1971
RVSN USSR,Site 132/1,Plesetsk Cosmodrome,,Russia,Mar,1971
RVSN USSR,Site 86/1,Kapustin Yar,,Russia,Mar,1971
RVSN USSR,Site 43/4,Plesetsk Cosmodrome,,Russia,Mar,1971
RVSN USSR,Site 43/3,Plesetsk Cosmodrome,,Russia,Feb,1971
RVSN USSR,Site 132/1,Plesetsk Cosmodrome,,Russia,Feb,1971
RVSN USSR,Site 132/1,Plesetsk Cosmodrome,,Russia,Feb,1971
RVSN USSR,Site 133/3,Plesetsk Cosmodrome,,Russia,Jan,1971
RVSN USSR,Site 41/1,Plesetsk Cosmodrome,,Russia,Jan,1971
RVSN USSR,Site 133/3,Plesetsk Cosmodrome,,Russia,Jan,1971
RVSN USSR,Site 132/2,Plesetsk Cosmodrome,,Russia,Dec,1970
RVSN USSR,Site 41/1,Plesetsk Cosmodrome,,Russia,Dec,1970
RVSN USSR,Site 133/3,Plesetsk Cosmodrome,,Russia,Dec,1970
RVSN USSR,Site 132/2,Plesetsk Cosmodrome,,Russia,Dec,1970
RVSN USSR,Site 132/2,Plesetsk Cosmodrome,,Russia,Dec,1970
RVSN USSR,Site 41/1,Plesetsk Cosmodrome,,Russia,Dec,1970
RVSN USSR,Site 43/4,Plesetsk Cosmodrome,,Russia,Dec,1970
RVSN USSR,Site 132/2,Plesetsk Cosmodrome,,Russia,Dec,1970
RVSN USSR,Site 43/4,Plesetsk Cosmodrome,,Russia,Nov,1970
RVSN USSR,Site 133/3,Plesetsk Cosmodrome,,Russia,Nov,1970
RVSN USSR,Site 132/2,Plesetsk Cosmodrome,,Russia,Nov,1970
RVSN USSR,Site 43/4,Plesetsk Cosmodrome,,Russia,Oct,1970
RVSN USSR,Site 132/1,Plesetsk Cosmodrome,,Russia,Oct,1970
RVSN USSR,Site 41/1,Plesetsk Cosmodrome,,Russia,Oct,1970
RVSN USSR,Site 133/3,Plesetsk Cosmodrome,,Russia,Oct,1970
RVSN USSR,Site 132/1,Plesetsk Cosmodrome,,Russia,Oct,1970
RVSN USSR,Site 133/3,Plesetsk Cosmodrome,,Russia,Oct,1970
RVSN USSR,Site 43/4,Plesetsk Cosmodrome,,Russia,Sep,1970
RVSN USSR,Site 41/1,Plesetsk Cosmodrome,,Russia,Sep,1970
RVSN USSR,Site 133/3,Plesetsk Cosmodrome,,Russia,Sep,1970
RVSN USSR,Site 41/1,Plesetsk Cosmodrome,,Russia,Sep,1970
RVSN USSR,Site 132/1,Plesetsk Cosmodrome,,Russia,Aug,1970
RVSN USSR,Site 133/3,Plesetsk Cosmodrome,,Russia,Aug,1970
RVSN USSR,Site 133/3,Plesetsk Cosmodrome,,Russia,Aug,1970
RVSN USSR,Site 43/4,Plesetsk Cosmodrome,,Russia,Aug,1970
RVSN USSR,Site 86/1,Kapustin Yar,,Russia,Aug,1970
RVSN USSR,Site 86/1,Kapustin Yar,,Russia,Jul,1970
RVSN USSR,Site 43/4,Plesetsk Cosmodrome,,Russia,Jul,1970
RVSN USSR,Site 41/1,Plesetsk Cosmodrome,,Russia,Jul,1970
RVSN USSR,Site 132/2,Plesetsk Cosmodrome,,Russia,Jun,1970
RVSN USSR,Site 133/3,Plesetsk Cosmodrome,,Russia,Jun,1970
RVSN USSR,Site 43/4,Plesetsk Cosmodrome,,Russia,Jun,1970
RVSN USSR,Site 41/1,Plesetsk Cosmodrome,,Russia,Jun,1970
RVSN USSR,Site 43/4,Plesetsk Cosmodrome,,Russia,Jun,1970
RVSN USSR,Site 133/3,Plesetsk Cosmodrome,,Russia,Jun,1970
RVSN USSR,Site 86/1,Kapustin Yar,,Russia,Jun,1970
RVSN USSR,Site 133/3,Plesetsk Cosmodrome,,Russia,May,1970
RVSN USSR,Site 41/1,Plesetsk Cosmodrome,,Russia,May,1970
RVSN USSR,Site 41/1,Plesetsk Cosmodrome,,Russia,Apr,1970
RVSN USSR,Site 132/2,Plesetsk Cosmodrome,,Russia,Apr,1970
RVSN USSR,Site 86/1,Kapustin Yar,,Russia,Apr,1970
RVSN USSR,Site 133/3,Plesetsk Cosmodrome,,Russia,Apr,1970
RVSN USSR,Site 41/1,Plesetsk Cosmodrome,,Russia,Apr,1970
RVSN USSR,Site 132/2,Plesetsk Cosmodrome,,Russia,Apr,1970
RVSN USSR,Site 132/2,Plesetsk Cosmodrome,,Russia,Apr,1970
RVSN USSR,Site 43/4,Plesetsk Cosmodrome,,Russia,Apr,1970
RVSN USSR,Site 41/1,Plesetsk Cosmodrome,,Russia,Mar,1970
RVSN USSR,Site 133/3,Plesetsk Cosmodrome,,Russia,Mar,1970
RVSN USSR,Site 41/1,Plesetsk Cosmodrome,,Russia,Mar,1970
RVSN USSR,Site 43/4,Plesetsk Cosmodrome,,Russia,Mar,1970
RVSN USSR,Site 43/4,Plesetsk Cosmodrome,,Russia,Mar,1970
RVSN USSR,Site 133/3,Plesetsk Cosmodrome,,Russia,Feb,1970
RVSN USSR,Site 43/4,Plesetsk Cosmodrome,,Russia,Feb,1970
RVSN USSR,Site 41/1,Plesetsk Cosmodrome,,Russia,Feb,1970
RVSN USSR,Site 133/3,Plesetsk Cosmodrome,,Russia,Jan,1970
RVSN USSR,Site 41/1,Plesetsk Cosmodrome,,Russia,Jan,1970
RVSN USSR,Site 133/3,Plesetsk Cosmodrome,,Russia,Jan,1970
RVSN USSR,Site 86/1,Kapustin Yar,,Russia,Jan,1970
RVSN USSR,Site 133/3,Plesetsk Cosmodrome,,Russia,Jan,1970
RVSN USSR,Site 132/1,Plesetsk Cosmodrome,,Russia,Dec,1969
RVSN USSR,Site 86/1,Kapustin Yar,,Russia,Dec,1969
RVSN USSR,Site 41/1,Plesetsk Cosmodrome,,Russia,Dec,1969
RVSN USSR,Site 132/1,Plesetsk Cosmodrome,,Russia,Dec,1969
RVSN USSR,Site 133/3,Plesetsk Cosmodrome,,Russia,Dec,1969
RVSN USSR,Site 43/4,Plesetsk Cosmodrome,,Russia,Dec,1969
RVSN USSR,Site 132/1,Plesetsk Cosmodrome,,Russia,Nov,1969
RVSN USSR,Site 133/3,Plesetsk Cosmodrome,,Russia,Nov,1969
RVSN USSR,Site 41/1,Plesetsk Cosmodrome,,Russia,Nov,1969
RVSN USSR,Site 133/3,Plesetsk Cosmodrome,,Russia,Nov,1969
RVSN USSR,Site 86/1,Kapustin Yar,,Russia,Oct,1969
RVSN USSR,Site 132/1,Plesetsk Cosmodrome,,Russia,Oct,1969
RVSN USSR,Site 133/3,Plesetsk Cosmodrome,,Russia,Oct,1969
RVSN USSR,Site 41/1,Plesetsk Cosmodrome,,Russia,Oct,1969
RVSN USSR,Site 86/1,Kapustin Yar,,Russia,Oct,1969
RVSN USSR,Site 41/1,Plesetsk Cosmodrome,,Russia,Oct,1969
RVSN USSR,Site 41/1,Plesetsk Cosmodrome,,Russia,Sep,1969
RVSN USSR,Site 41/1,Plesetsk Cosmodrome,,Russia,Sep,1969
RVSN USSR,Site 133/3,Plesetsk Cosmodrome,,Russia,Aug,1969
RVSN USSR,Site 41/1,Plesetsk Cosmodrome,,Russia,Aug,1969
RVSN USSR,Site 132/2,Plesetsk Cosmodrome,,Russia,Aug,1969
RVSN USSR,Site 133/3,Plesetsk Cosmodrome,,Russia,Jul,1969
RVSN USSR,Site 41/1,Plesetsk Cosmodrome,,Russia,Jul,1969
RVSN USSR,Site 41/1,Plesetsk Cosmodrome,,Russia,Jul,1969
RVSN USSR,Site 41/1,Plesetsk Cosmodrome,,Russia,Jun,1969
RVSN USSR,Site 86/1,Kapustin Yar,,Russia,Jun,1969
RVSN USSR,Site 133/3,Plesetsk Cosmodrome,,Russia,Jun,1969
RVSN USSR,Site 133/3,Plesetsk Cosmodrome,,Russia,May,1969
RVSN USSR,Site 41/1,Plesetsk Cosmodrome,,Russia,May,1969
RVSN USSR,Site 41/1,Plesetsk Cosmodrome,,Russia,May,1969
RVSN USSR,Site 41/1,Plesetsk Cosmodrome,,Russia,Apr,1969
RVSN USSR,Site 133/3,Plesetsk Cosmodrome,,Russia,Apr,1969
RVSN USSR,Site 41/1,Plesetsk Cosmodrome,,Russia,Apr,1969
RVSN USSR,Site 133/3,Plesetsk Cosmodrome,,Russia,Mar,1969
RVSN USSR,Site 41/1,Plesetsk Cosmodrome,,Russia,Mar,1969
RVSN USSR,Site 41/1,Plesetsk Cosmodrome,,Russia,Mar,1969
RVSN USSR,Site 132/2,Plesetsk Cosmodrome,,Russia,Mar,1969
RVSN USSR,Site 41/1,Plesetsk Cosmodrome,,Russia,Mar,1969
RVSN USSR,Site 41/1,Plesetsk Cosmodrome,,Russia,Mar,1969
RVSN USSR,Site 132/2,Plesetsk Cosmodrome,,Russia,Mar,1969
RVSN USSR,Site 86/1,Kapustin Yar,,Russia,Mar,1969
RVSN USSR,Site 41/1,Plesetsk Cosmodrome,,Russia,Feb,1969
RVSN USSR,Site 133/3,Plesetsk Cosmodrome,,Russia,Feb,1969
RVSN USSR,Site 41/1,Plesetsk Cosmodrome,,Russia,Feb,1969
RVSN USSR,Site 41/1,Plesetsk Cosmodrome,,Russia,Jan,1969
RVSN USSR,Site 86/1,Kapustin Yar,,Russia,Dec,1968
RVSN USSR,Site 133/3,Plesetsk Cosmodrome,,Russia,Dec,1968
RVSN USSR,Site 86/1,Kapustin Yar,,Russia,Dec,1968
RVSN USSR,Site 133/3,Plesetsk Cosmodrome,,Russia,Dec,1968
RVSN USSR,Site 132/2,Plesetsk Cosmodrome,,Russia,Nov,1968
RVSN USSR,Site 41/1,Plesetsk Cosmodrome,,Russia,Nov,1968
RVSN USSR,Site 41/1,Plesetsk Cosmodrome,,Russia,Nov,1968
RVSN USSR,Site 41/1,Plesetsk Cosmodrome,,Russia,Nov,1968
RVSN USSR,Site 132/2,Plesetsk Cosmodrome,,Russia,Oct,1968
RVSN USSR,Site 41/1,Plesetsk Cosmodrome,,Russia,Oct,1968
RVSN USSR,Site 41/1,Plesetsk Cosmodrome,,Russia,Oct,1968
RVSN USSR,Site 133/3,Plesetsk Cosmodrome,,Russia,Oct,1968
RVSN USSR,Site 133/3,Plesetsk Cosmodrome,,Russia,Sep,1968
RVSN USSR,Site 41/1,Plesetsk Cosmodrome,,Russia,Sep,1968
RVSN USSR,Site 41/1,Plesetsk Cosmodrome,,Russia,Aug,1968
RVSN USSR,Site 133/3,Plesetsk Cosmodrome,,Russia,Jul,1968
RVSN USSR,Site 41/1,Plesetsk Cosmodrome,,Russia,Jul,1968
RVSN USSR,Site 86/1,Kapustin Yar,,Russia,Jul,1968
RVSN USSR,Site 41/1,Plesetsk Cosmodrome,,Russia,Jun,1968
RVSN USSR,Site 41/1,Plesetsk Cosmodrome,,Russia,Jun,1968
RVSN USSR,Site 86/1,Kapustin Yar,,Russia,Jun,1968
RVSN USSR,Site 132/2,Plesetsk Cosmodrome,,Russia,Jun,1968
RVSN USSR,Site 41/1,Plesetsk Cosmodrome,,Russia,Jun,1968
RVSN USSR,Site 133/3,Plesetsk Cosmodrome,,Russia,May,1968
RVSN USSR,Site 86/1,Kapustin Yar,,Russia,May,1968
RVSN USSR,Site 132/2,Plesetsk Cosmodrome,,Russia,May,1968
RVSN USSR,Site 86/1,Kapustin Yar,,Russia,Apr,1968
RVSN USSR,Site 86/1,Kapustin Yar,,Russia,Apr,1968
RVSN USSR,Site 41/1,Plesetsk Cosmodrome,,Russia,Apr,1968
RVSN USSR,Site 133/3,Plesetsk Cosmodrome,,Russia,Apr,1968
RVSN USSR,Site 41/1,Plesetsk Cosmodrome,,Russia,Apr,1968
RVSN USSR,Site 41/1,Plesetsk Cosmodrome,,Russia,Mar,1968
RVSN USSR,Site 41/1,Plesetsk Cosmodrome,,Russia,Mar,1968
RVSN USSR,Site 86/1,Kapustin Yar,,Russia,Mar,1968
RVSN USSR,Site 41/1,Plesetsk Cosmodrome,,Russia,Mar,1968
RVSN USSR,Site 133/3,Plesetsk Cosmodrome,,Russia,Mar,1968
RVSN USSR,Site 132/2,Plesetsk Cosmodrome,,Russia,Feb,1968
RVSN USSR,Site 86/1,Kapustin Yar,,Russia,Feb,1968
RVSN USSR,Site 132/2,Plesetsk Cosmodrome,,Russia,Jan,1968
RVSN USSR,Site 41/1,Plesetsk Cosmodrome,,Russia,Jan,1968
RVSN USSR,Site 86/1,Kapustin Yar,,Russia,Dec,1967
RVSN USSR,Site 86/1,Kapustin Yar,,Russia,Dec,1967
RVSN USSR,Site 41/1,Plesetsk Cosmodrome,,Russia,Dec,1967
RVSN USSR,Site 41/1,Plesetsk Cosmodrome,,Russia,Dec,1967
RVSN USSR,Site 41/1,Plesetsk Cosmodrome,,Russia,Nov,1967
RVSN USSR,Site 132/2,Plesetsk Cosmodrome,,Russia,Nov,1967
RVSN USSR,Site 133/3,Plesetsk Cosmodrome,,Russia,Nov,1967
RVSN USSR,Site 41/1,Plesetsk Cosmodrome,,Russia,Nov,1967
RVSN USSR,Site 132/2,Plesetsk Cosmodrome,,Russia,Oct,1967
RVSN USSR,Site 41/1,Plesetsk Cosmodrome,,Russia,Oct,1967
RVSN USSR,Site 41/1,Plesetsk Cosmodrome,,Russia,Oct,1967
RVSN USSR,Site 132/2,Plesetsk Cosmodrome,,Russia,Sep,1967
RVSN USSR,Site 41/1,Plesetsk Cosmodrome,,Russia,Sep,1967
RVSN USSR,Site 133/3,Plesetsk Cosmodrome,,Russia,Sep,1967
RVSN USSR,Site 41/1,Plesetsk Cosmodrome,,Russia,Sep,1967
RVSN USSR,Site 41/1,Plesetsk Cosmodrome,,Russia,Sep,1967
RVSN USSR,Site 133/3,Plesetsk Cosmodrome,,Russia,Aug,1967
RVSN USSR,Site 132/2,Plesetsk Cosmodrome,,Russia,Jun,1967
RVSN USSR,Site 41/1,Plesetsk Cosmodrome,,Russia,Jun,1967
RVSN USSR,Site 86/1,Kapustin Yar,,Russia,Jun,1967
RVSN USSR,Site 133/3,Plesetsk Cosmodrome,,Russia,Jun,1967
RVSN USSR,Site 41/1,Plesetsk Cosmodrome,,Russia,Jun,1967
RVSN USSR,Site 86/1,Kapustin Yar,,Russia,Jun,1967
RVSN USSR,Site 41/1,Plesetsk Cosmodrome,,Russia,May,1967
RVSN USSR,Site 132/2,Plesetsk Cosmodrome,,Russia,May,1967
RVSN USSR,Site 41/1,Plesetsk Cosmodrome,,Russia,Apr,1967
RVSN USSR,Site 41/1,Plesetsk Cosmodrome,,Russia,Apr,1967
RVSN USSR,Site 133/3,Plesetsk Cosmodrome,,Russia,Mar,1967
RVSN USSR,Site 41/1,Plesetsk Cosmodrome,,Russia,Mar,1967
RVSN USSR,Site 86/1,Kapustin Yar,,Russia,Mar,1967
RVSN USSR,Site 133/3,Plesetsk Cosmodrome,,Russia,Mar,1967
RVSN USSR,Site 41/1,Plesetsk Cosmodrome,,Russia,Mar,1967
RVSN USSR,Site 86/1,Kapustin Yar,,Russia,Mar,1967
RVSN USSR,Site 41/1,Plesetsk Cosmodrome,,Russia,Feb,1967
RVSN USSR,Site 86/1,Kapustin Yar,,Russia,Feb,1967
RVSN USSR,Site 41/1,Plesetsk Cosmodrome,,Russia,Feb,1967
RVSN USSR,Site 41/1,Plesetsk Cosmodrome,,Russia,Jan,1967
RVSN USSR,Site 86/1,Kapustin Yar,,Russia,Dec,1966
RVSN USSR,Site 41/1,Plesetsk Cosmodrome,,Russia,Dec,1966
RVSN USSR,Site 86/1,Kapustin Yar,,Russia,Dec,1966
RVSN USSR,Site 41/1,Plesetsk Cosmodrome,,Russia,Nov,1966
RVSN USSR,Site 41/1,Plesetsk Cosmodrome,,Russia,Oct,1966
RVSN USSR,Site 86/1,Kapustin Yar,,Russia,Jul,1966
RVSN USSR,Site 41/1,Plesetsk Cosmodrome,,Russia,Jun,1966
RVSN USSR,Site 86/1,Kapustin Yar,,Russia,May,1966
RVSN USSR,Site 41/1,Plesetsk Cosmodrome,,Russia,May,1966
RVSN USSR,Site 86/1,Kapustin Yar,,Russia,Apr,1966
RVSN USSR,Site 41/1,Plesetsk Cosmodrome,,Russia,Apr,1966
RVSN USSR,Site 41/1,Plesetsk Cosmodrome,,Russia,Mar,1966
RVSN USSR,Site 86/1,Kapustin Yar,,Russia,Feb,1966
RVSN USSR,Site 86/1,Kapustin Yar,,Russia,Feb,1966
RVSN USSR,Site 86/1,Kapustin Yar,,Russia,Jan,1966
RVSN USSR,Site 86/1,Kapustin Yar,,Russia,Dec,1965
RVSN USSR,Site 86/1,Kapustin Yar,,Russia,Dec,1965
RVSN USSR,Site 86/1,Kapustin Yar,,Russia,Nov,1965
RVSN USSR,Site 86/1,Kapustin Yar,,Russia,Nov,1965
RVSN USSR,Site 86/1,Kapustin Yar,,Russia,Oct,1965
RVSN USSR,Site 86/1,Kapustin Yar,,Russia,Jul,1965
RVSN USSR,Site 86/1,Kapustin Yar,,Russia,Jul,1965
RVSN USSR,Site 86/1,Kapustin Yar,,Russia,Feb,1965
RVSN USSR,Site 86/1,Kapustin Yar,,Russia,Feb,1965
RVSN USSR,Site 86/1,Kapustin Yar,,Russia,Jan,1965
RVSN USSR,Site 86/1,Kapustin Yar,,Russia,Dec,1964
RVSN USSR,Mayak-2,Kapustin Yar,,Russia,Dec,1964
RVSN USSR,Mayak-2,Kapustin Yar,,Russia,Oct,1964
RVSN USSR,Mayak-2,Kapustin Yar,,Russia,Aug,1964
RVSN USSR,Mayak-2,Kapustin Yar,,Russia,Jul,1964
RVSN USSR,Mayak-2,Kapustin Yar,,Russia,Jun,1964
RVSN USSR,Mayak-2,Kapustin Yar,,Russia,Mar,1964
RVSN USSR,Mayak-2,Kapustin Yar,,Russia,Feb,1964
RVSN USSR,Mayak-2,Kapustin Yar,,Russia,Dec,1963
RVSN USSR,Mayak-2,Kapustin Yar,,Russia,Oct,1963
RVSN USSR,Mayak-2,Kapustin Yar,,Russia,Aug,1963
RVSN USSR,Mayak-2,Kapustin Yar,,Russia,Aug,1963
RVSN USSR,Mayak-2,Kapustin Yar,,Russia,Jun,1963
RVSN USSR,Mayak-2,Kapustin Yar,,Russia,May,1963
RVSN USSR,Mayak-2,Kapustin Yar,,Russia,Apr,1963
RVSN USSR,Mayak-2,Kapustin Yar,,Russia,Apr,1963
RVSN USSR,Mayak-2,Kapustin Yar,,Russia,Oct,1962
RVSN USSR,Mayak-2,Kapustin Yar,,Russia,Oct,1962
RVSN USSR,Mayak-2,Kapustin Yar,,Russia,Aug,1962
RVSN USSR,Mayak-2,Kapustin Yar,,Russia,Jun,1962
RVSN USSR,Mayak-2,Kapustin Yar,,Russia,May,1962
RVSN USSR,Mayak-2,Kapustin Yar,,Russia,Apr,1962
RVSN USSR,Mayak-2,Kapustin Yar,,Russia,Apr,1962
RVSN USSR,Mayak-2,Kapustin Yar,,Russia,Mar,1962
RVSN USSR,Mayak-2,Kapustin Yar,,Russia,Dec,1961
RVSN USSR,Mayak-2,Kapustin Yar,,Russia,Oct,1961
